'AFIP';'I';40.78;260.65;66.38;268.05;None;0;0;0;0;0;0;'I';'plantillas/afip.png';2
'AFIP_QR';'I';12.70;260.50;39.70;287.50;None;0;0;0;0;0;0;'I';'plantillas/qr_afip_lgiepn.png';2
'CAE';'T';121.80;260.40;150.10;264.40;'Arial';10;1;0;0;0;0;'I';'61101021770094';0
'CAE.L';'T';93.70;260.30;109.70;264.30;'Arial';10;1;0;0;0;0;'I';'C.A.E. N\xba:';0
'CAE.Vencimiento';'T';122.00;265.20;140.70;269.20;'Arial';10;1;0;0;0;0;'I';'31/12/2010';0
'CAE.Vencimiento.L';'T';93.60;265.00;120.60;269.00;'Arial';10;1;0;0;0;0;'I';'Fecha Vto. CAE:';0
'CUIT';'T';129.00;34.30;158.50;39.20;'Arial';10;0;0;0;0;0;'C';'';2
'Cliente';'T';10.80;46.60;27.00;52.60;'Arial';10;0;0;0;0;0;'I';'Sr.(s):';0
'Cliente.CUIT';'T';102.70;61.50;142.70;66.50;'Arial';10;0;0;0;0;65535;'I';None;0
'Cliente.CUIT.L';'T';82.70;61.50;102.70;66.50;'Arial';10;0;0;0;0;0;'I';'CUIT:';0
'Cliente.Domicilio';'T';28.20;51.50;142.30;57.50;'Arial';10;0;0;0;0;65535;'I';None;0
'Cliente.Domicilio.L';'t';10.90;51.70;32.10;57.70;'Arial';10;0;0;0;0;0;'I';'Direcci\xf3n:';0
'Cliente.IVA';'T';28.40;61.50;81.20;66.50;'Arial';10;0;0;0;0;0;'I';None;0
'Cliente.IVA.L';'T';10.80;61.60;29.00;66.60;'Arial';10;0;0;0;0;0;'I';'IVA:';0
'Cliente.Localidad';'T';28.50;56.10;81.10;62.10;'Arial';10;0;0;0;0;65535;'I';None;0
'Cliente.Localidad.L';'T';10.70;56.10;29.70;62.10;'Arial';10;0;0;0;0;0;'I';'Localidad:';0
'Cliente.Nombre';'T';28.10;46.70;142.00;52.70;'Arial';10;0;0;0;0;65535;'I';None;0
'Cliente.Provincia';'T';101.70;56.50;142.70;62.50;'Arial';10;0;0;0;0;0;'I';None;0
'Cliente.Provincia.L';'T';83.00;56.20;102.00;61.80;'Arial';10;0;0;0;0;0;'I';'Provincia:';0
'Comprobante.N\xba';'T';128.90;21.40;138.90;26.90;'Arial';14;1;0;0;0;0;'I';'N\xba: ';2
'ComprobanteEx.L';'T';111.90;10.50;207.60;15.00;'Arial Black';13;0;0;0;0;0;'C';'FACTURA';2
'Cuadro';'B';9.60;9.70;209.60;288.40;'Arial';0;0;0;0;0;0;'I';None;-3
'CuadroX';'B';100.00;9.70;110.00;20.00;'Arial';0;1;0;0;0;0;'I';None;2
'Fecha';'T';148.10;27.10;188.10;33.40;'Arial';12;0;0;0;0;65535;'I';None;0
'Fecha.L';'T';128.90;27.30;146.20;33.20;'Arial';12;0;0;0;0;0;'I';'Fecha:';0
'IIBB';'T';174.00;34.30;207.10;39.20;'Arial';10;0;0;0;0;0;'I';'';2
'INICIO';'T';107.20;39.90;207.40;44.90;'Arial';10;0;0;0;0;0;'I';'';2
'IVA';'T';11.40;39.70;103.30;44.70;'Arial';10;0;0;0;0;0;'I';'';2
'IVA10.5';'T';187.80;275.80;208.90;280.50;'Arial';9;0;0;0;0;65535;'D';None;0
'IVA10.5.L';'T';155.50;275.90;176.80;280.60;'Arial';9;0;0;0;0;0;'I';'I.V.A. 10,5%';0
'IVA21';'T';187.70;270.70;208.80;275.40;'Arial';9;0;0;0;0;65535;'D';None;0
'IVA21.L';'T';155.40;270.60;176.70;275.30;'Arial';9;0;0;0;0;0;'I';'I.V.A. 21%';0
'Item.AlicuotaIVA';'T';165.80;75.20;187.90;80.20;'Arial';7;0;0;0;0;65535;'C';'IVA';0
'Item.AlicuotaIva01';'T';165.40;80.00;173.50;83.80;'Arial';7;0;0;0;0;65535;'D';'';0
'Item.AlicuotaIva02';'T';165.40;84.10;173.50;87.90;'Arial';7;0;0;0;0;65535;'D';'';0
'Item.AlicuotaIva03';'T';165.40;88.10;173.50;91.90;'Arial';7;0;0;0;0;65535;'D';'';0
'Item.AlicuotaIva04';'T';165.40;92.10;173.50;95.90;'Arial';7;0;0;0;0;65535;'D';'';0
'Item.AlicuotaIva05';'T';165.40;96.10;173.50;99.90;'Arial';7;0;0;0;0;65535;'D';'';0
'Item.AlicuotaIva06';'T';165.40;100.10;173.50;103.90;'Arial';7;0;0;0;0;65535;'D';'';0
'Item.AlicuotaIva07';'T';165.40;104.10;173.50;107.90;'Arial';7;0;0;0;0;65535;'D';'';0
'Item.AlicuotaIva08';'T';165.40;108.10;173.50;111.90;'Arial';7;0;0;0;0;65535;'D';'';0
'Item.AlicuotaIva09';'T';165.40;112.10;173.50;115.90;'Arial';7;0;0;0;0;65535;'D';'';0
'Item.AlicuotaIva10';'T';165.40;116.10;173.50;119.90;'Arial';7;0;0;0;0;65535;'D';'';0
'Item.AlicuotaIva11';'T';165.40;120.10;173.50;123.90;'Arial';7;0;0;0;0;65535;'D';'';0
'Item.AlicuotaIva12';'T';165.40;124.10;173.50;127.90;'Arial';7;0;0;0;0;65535;'D';'';0
'Item.AlicuotaIva13';'T';165.40;128.10;173.50;131.90;'Arial';7;0;0;0;0;65535;'D';'';0
'Item.AlicuotaIva14';'T';165.40;132.10;173.50;135.90;'Arial';7;0;0;0;0;65535;'D';'';0
'Item.AlicuotaIva15';'T';165.40;136.10;173.50;139.90;'Arial';7;0;0;0;0;65535;'D';'';0
'Item.AlicuotaIva16';'T';165.40;140.10;173.50;143.90;'Arial';7;0;0;0;0;65535;'D';'';0
'Item.AlicuotaIva17';'T';165.40;144.10;173.50;147.90;'Arial';7;0;0;0;0;65535;'D';'';0
'Item.AlicuotaIva18';'T';165.40;148.10;173.50;151.90;'Arial';7;0;0;0;0;65535;'D';'';0
'Item.AlicuotaIva19';'T';165.40;152.10;173.50;155.90;'Arial';7;0;0;0;0;65535;'D';'';0
'Item.AlicuotaIva20';'T';165.40;156.10;173.50;159.90;'Arial';7;0;0;0;0;65535;'D';'';0
'Item.AlicuotaIva21';'T';165.40;160.10;173.50;163.90;'Arial';7;0;0;0;0;65535;'D';'';0
'Item.AlicuotaIva22';'T';165.40;164.10;173.50;167.90;'Arial';7;0;0;0;0;65535;'D';'';0
'Item.AlicuotaIva23';'T';165.40;168.10;173.50;171.90;'Arial';7;0;0;0;0;65535;'D';'';0
'Item.AlicuotaIva24';'T';165.40;172.10;173.50;175.90;'Arial';7;0;0;0;0;65535;'D';'';0
'Item.AlicuotaIva25';'T';165.40;176.10;173.50;179.90;'Arial';7;0;0;0;0;65535;'D';'';0
'Item.AlicuotaIva26';'T';165.40;180.10;173.50;183.90;'Arial';7;0;0;0;0;65535;'D';'';0
'Item.AlicuotaIva27';'T';165.40;184.10;173.50;187.90;'Arial';7;0;0;0;0;65535;'D';'';0
'Item.AlicuotaIva28';'T';165.40;188.10;173.50;191.90;'Arial';7;0;0;0;0;65535;'D';'';0
'Item.AlicuotaIva29';'T';165.40;192.10;173.50;195.90;'Arial';7;0;0;0;0;65535;'D';'';0
'Item.AlicuotaIva30';'T';165.40;196.10;173.50;199.90;'Arial';7;0;0;0;0;65535;'D';'';0
'Item.AlicuotaIva31';'T';165.40;200.10;173.50;203.90;'Arial';7;0;0;0;0;65535;'D';'';0
'Item.AlicuotaIva32';'T';165.40;204.10;173.50;207.90;'Arial';7;0;0;0;0;65535;'D';'';0
'Item.AlicuotaIva33';'T';165.40;208.10;173.50;211.90;'Arial';7;0;0;0;0;65535;'D';'';0
'Item.AlicuotaIva34';'T';165.40;212.10;173.50;215.90;'Arial';7;0;0;0;0;65535;'D';'';0
'Item.AlicuotaIva35';'T';165.40;216.10;173.50;219.90;'Arial';7;0;0;0;0;65535;'D';'';0
'Item.AlicuotaIva36';'T';165.40;220.10;173.50;223.90;'Arial';7;0;0;0;0;65535;'D';'';0
'Item.AlicuotaIva37';'T';165.40;224.10;173.50;227.90;'Arial';7;0;0;0;0;65535;'D';'';0
'Item.AlicuotaIva38';'T';165.40;228.10;173.50;231.90;'Arial';7;0;0;0;0;65535;'D';'';0
'Item.AlicuotaIva39';'T';165.40;232.10;173.50;235.90;'Arial';7;0;0;0;0;65535;'D';'';0
'Item.Bonif01';'T';133.80;80.10;143.40;83.90;'Arial';7;0;0;0;0;65535;'D';'';0
'Item.Bonif02';'T';133.80;84.30;143.40;88.10;'Arial';7;0;0;0;0;65535;'D';'';0
'Item.Bonif03';'T';133.80;88.30;143.40;92.10;'Arial';7;0;0;0;0;65535;'D';'';0
'Item.Bonif04';'T';133.80;92.30;143.40;96.10;'Arial';7;0;0;0;0;65535;'D';'';0
'Item.Bonif05';'T';133.80;96.30;143.40;100.10;'Arial';7;0;0;0;0;65535;'D';'';0
'Item.Bonif06';'T';133.80;100.30;143.40;104.10;'Arial';7;0;0;0;0;65535;'D';'';0
'Item.Bonif07';'T';133.80;104.30;143.40;108.10;'Arial';7;0;0;0;0;65535;'D';'';0
'Item.Bonif08';'T';133.80;108.30;143.40;112.10;'Arial';7;0;0;0;0;65535;'D';'';0
'Item.Bonif09';'T';133.80;112.30;143.40;116.10;'Arial';7;0;0;0;0;65535;'D';'';0
'Item.Bonif10';'T';133.80;116.30;143.40;120.10;'Arial';7;0;0;0;0;65535;'D';'';0
'Item.Bonif11';'T';133.80;120.30;143.40;124.10;'Arial';7;0;0;0;0;65535;'D';'';0
'Item.Bonif12';'T';133.80;124.30;143.40;128.10;'Arial';7;0;0;0;0;65535;'D';'';0
'Item.Bonif13';'T';133.80;128.30;143.40;132.10;'Arial';7;0;0;0;0;65535;'D';'';0
'Item.Bonif14';'T';133.80;132.30;143.40;136.10;'Arial';7;0;0;0;0;65535;'D';'';0
'Item.Bonif15';'T';133.80;136.30;143.40;140.10;'Arial';7;0;0;0;0;65535;'D';'';0
'Item.Bonif16';'T';133.80;140.30;143.40;144.10;'Arial';7;0;0;0;0;65535;'D';'';0
'Item.Bonif17';'T';133.80;144.30;143.40;148.10;'Arial';7;0;0;0;0;65535;'D';'';0
'Item.Bonif18';'T';133.80;148.30;143.40;152.10;'Arial';7;0;0;0;0;65535;'D';'';0
'Item.Bonif19';'T';133.80;152.30;143.40;156.10;'Arial';7;0;0;0;0;65535;'D';'';0
'Item.Bonif20';'T';133.80;156.30;143.40;160.10;'Arial';7;0;0;0;0;65535;'D';'';0
'Item.Bonif21';'T';133.80;160.30;143.40;164.10;'Arial';7;0;0;0;0;65535;'D';'';0
'Item.Bonif22';'T';133.80;164.30;143.40;168.10;'Arial';7;0;0;0;0;65535;'D';'';0
'Item.Bonif23';'T';133.80;168.30;143.40;172.10;'Arial';7;0;0;0;0;65535;'D';'';0
'Item.Bonif24';'T';133.80;172.30;143.40;176.10;'Arial';7;0;0;0;0;65535;'D';'';0
'Item.Bonif25';'T';133.80;176.30;143.40;180.10;'Arial';7;0;0;0;0;65535;'D';'';0
'Item.Bonif26';'T';133.80;180.30;143.40;184.10;'Arial';7;0;0;0;0;65535;'D';'';0
'Item.Bonif27';'T';133.80;184.30;143.40;188.10;'Arial';7;0;0;0;0;65535;'D';'';0
'Item.Bonif28';'T';133.80;188.30;143.40;192.10;'Arial';7;0;0;0;0;65535;'D';'';0
'Item.Bonif29';'T';133.80;192.30;143.40;196.10;'Arial';7;0;0;0;0;65535;'D';'';0
'Item.Bonif30';'T';133.80;196.30;143.40;200.10;'Arial';7;0;0;0;0;65535;'D';'';0
'Item.Bonif31';'T';133.80;200.30;143.40;204.10;'Arial';7;0;0;0;0;65535;'D';'';0
'Item.Bonif32';'T';133.80;204.30;143.40;208.10;'Arial';7;0;0;0;0;65535;'D';'';0
'Item.Bonif33';'T';133.80;208.30;143.40;212.10;'Arial';7;0;0;0;0;65535;'D';'';0
'Item.Bonif34';'T';133.80;212.30;143.40;216.10;'Arial';7;0;0;0;0;65535;'D';'';0
'Item.Bonif35';'T';133.80;216.30;143.40;220.10;'Arial';7;0;0;0;0;65535;'D';'';0
'Item.Bonif36';'T';133.80;220.30;143.40;224.10;'Arial';7;0;0;0;0;65535;'D';'';0
'Item.Bonif37';'T';133.80;224.30;143.40;228.10;'Arial';7;0;0;0;0;65535;'D';'';0
'Item.Bonif38';'T';133.80;228.30;143.40;232.10;'Arial';7;0;0;0;0;65535;'D';'';0
'Item.Bonif39';'T';133.80;232.30;143.40;236.10;'Arial';7;0;0;0;0;65535;'D';'';0
'Item.Bonificacion';'T';133.80;75.00;144.40;80.00;'Arial';7;0;0;0;0;65535;'C';'% Bonif.';0
'Item.Cantidad';'T';124.80;75.20;133.30;80.20;'Arial';7;0;0;0;0;65535;'C';'Cant';0
'Item.Cantidad01';'T';124.80;80.10;133.30;83.90;'Arial';7;0;0;0;0;65535;'D';'';0
'Item.Cantidad02';'T';124.80;84.30;133.30;88.10;'Arial';7;0;0;0;0;65535;'D';'';0
'Item.Cantidad03';'T';124.80;88.30;133.30;92.10;'Arial';7;0;0;0;0;65535;'D';'';0
'Item.Cantidad04';'T';124.80;92.30;133.30;96.10;'Arial';7;0;0;0;0;65535;'D';'';0
'Item.Cantidad05';'T';124.80;96.30;133.30;100.10;'Arial';7;0;0;0;0;65535;'D';'';0
'Item.Cantidad06';'T';124.80;100.30;133.30;104.10;'Arial';7;0;0;0;0;65535;'D';'';0
'Item.Cantidad07';'T';124.80;104.30;133.30;108.10;'Arial';7;0;0;0;0;65535;'D';'';0
'Item.Cantidad08';'T';124.80;108.30;133.30;112.10;'Arial';7;0;0;0;0;65535;'D';'';0
'Item.Cantidad09';'T';124.80;112.30;133.30;116.10;'Arial';7;0;0;0;0;65535;'D';'';0
'Item.Cantidad10';'T';124.80;116.30;133.30;120.10;'Arial';7;0;0;0;0;65535;'D';'';0
'Item.Cantidad11';'T';124.80;120.30;133.30;124.10;'Arial';7;0;0;0;0;65535;'D';'';0
'Item.Cantidad12';'T';124.80;124.30;133.30;128.10;'Arial';7;0;0;0;0;65535;'D';'';0
'Item.Cantidad13';'T';124.80;128.30;133.30;132.10;'Arial';7;0;0;0;0;65535;'D';'';0
'Item.Cantidad14';'T';124.80;132.30;133.30;136.10;'Arial';7;0;0;0;0;65535;'D';'';0
'Item.Cantidad15';'T';124.80;136.30;133.30;140.10;'Arial';7;0;0;0;0;65535;'D';'';0
'Item.Cantidad16';'T';124.80;140.30;133.30;144.10;'Arial';7;0;0;0;0;65535;'D';'';0
'Item.Cantidad17';'T';124.80;144.30;133.30;148.10;'Arial';7;0;0;0;0;65535;'D';'';0
'Item.Cantidad18';'T';124.80;148.30;133.30;152.10;'Arial';7;0;0;0;0;65535;'D';'';0
'Item.Cantidad19';'T';124.80;152.30;133.30;156.10;'Arial';7;0;0;0;0;65535;'D';'';0
'Item.Cantidad20';'T';124.80;156.30;133.30;160.10;'Arial';7;0;0;0;0;65535;'D';'';0
'Item.Cantidad21';'T';124.80;160.30;133.30;164.10;'Arial';7;0;0;0;0;65535;'D';'';0
'Item.Cantidad22';'T';124.80;164.30;133.30;168.10;'Arial';7;0;0;0;0;65535;'D';'';0
'Item.Cantidad23';'T';124.80;168.30;133.30;172.10;'Arial';7;0;0;0;0;65535;'D';'';0
'Item.Cantidad24';'T';124.80;172.30;133.30;176.10;'Arial';7;0;0;0;0;65535;'D';'';0
'Item.Cantidad25';'T';124.80;176.30;133.30;180.10;'Arial';7;0;0;0;0;65535;'D';'';0
'Item.Cantidad26';'T';124.80;180.30;133.30;184.10;'Arial';7;0;0;0;0;65535;'D';'';0
'Item.Cantidad27';'T';124.80;184.30;133.30;188.10;'Arial';7;0;0;0;0;65535;'D';'';0
'Item.Cantidad28';'T';124.80;188.30;133.30;192.10;'Arial';7;0;0;0;0;65535;'D';'';0
'Item.Cantidad29';'T';124.80;192.30;133.30;196.10;'Arial';7;0;0;0;0;65535;'D';'';0
'Item.Cantidad30';'T';124.80;196.30;133.30;200.10;'Arial';7;0;0;0;0;65535;'D';'';0
'Item.Cantidad31';'T';124.80;200.30;133.30;204.10;'Arial';7;0;0;0;0;65535;'D';'';0
'Item.Cantidad32';'T';124.80;204.30;133.30;208.10;'Arial';7;0;0;0;0;65535;'D';'';0
'Item.Cantidad33';'T';124.80;208.30;133.30;212.10;'Arial';7;0;0;0;0;65535;'D';'';0
'Item.Cantidad34';'T';124.80;212.30;133.30;216.10;'Arial';7;0;0;0;0;65535;'D';'';0
'Item.Cantidad35';'T';124.80;216.30;133.30;220.10;'Arial';7;0;0;0;0;65535;'D';'';0
'Item.Cantidad36';'T';124.80;220.30;133.30;224.10;'Arial';7;0;0;0;0;65535;'D';'';0
'Item.Cantidad37';'T';124.80;224.30;133.30;228.10;'Arial';7;0;0;0;0;65535;'D';'';0
'Item.Cantidad38';'T';124.80;228.30;133.30;232.10;'Arial';7;0;0;0;0;65535;'D';'';0
'Item.Cantidad39';'T';124.80;232.30;133.30;236.10;'Arial';7;0;0;0;0;65535;'D';'';0
'Item.Codigo';'T';10.90;74.90;35.10;79.90;'Arial';7;0;0;0;0;65535;'C';'Articulo';0
'Item.Codigo01';'T';11.40;79.90;34.50;83.70;'Arial';7;0;0;0;0;65535;'D';'';0
'Item.Codigo02';'T';11.40;84.10;34.50;87.90;'Arial';7;0;0;0;0;65535;'D';'';0
'Item.Codigo03';'T';11.40;88.10;34.50;91.90;'Arial';7;0;0;0;0;65535;'D';'';0
'Item.Codigo04';'T';11.40;92.10;34.50;95.90;'Arial';7;0;0;0;0;65535;'D';'';0
'Item.Codigo05';'T';11.40;96.10;34.50;99.90;'Arial';7;0;0;0;0;65535;'D';'';0
'Item.Codigo06';'T';11.40;100.10;34.50;103.90;'Arial';7;0;0;0;0;65535;'D';'';0
'Item.Codigo07';'T';11.40;104.10;34.50;107.90;'Arial';7;0;0;0;0;65535;'D';'';0
'Item.Codigo08';'T';11.40;108.10;34.50;111.90;'Arial';7;0;0;0;0;65535;'D';'';0
'Item.Codigo09';'T';11.40;112.10;34.50;115.90;'Arial';7;0;0;0;0;65535;'D';'';0
'Item.Codigo10';'T';11.40;116.10;34.50;119.90;'Arial';7;0;0;0;0;65535;'D';'';0
'Item.Codigo11';'T';11.40;120.10;34.50;123.90;'Arial';7;0;0;0;0;65535;'D';'';0
'Item.Codigo12';'T';11.40;124.10;34.50;127.90;'Arial';7;0;0;0;0;65535;'D';'';0
'Item.Codigo13';'T';11.40;128.10;34.50;131.90;'Arial';7;0;0;0;0;65535;'D';'';0
'Item.Codigo14';'T';11.40;132.10;34.50;135.90;'Arial';7;0;0;0;0;65535;'D';'';0
'Item.Codigo15';'T';11.40;136.10;34.50;139.90;'Arial';7;0;0;0;0;65535;'D';'';0
'Item.Codigo16';'T';11.40;140.10;34.50;143.90;'Arial';7;0;0;0;0;65535;'D';'';0
'Item.Codigo17';'T';11.40;144.10;34.50;147.90;'Arial';7;0;0;0;0;65535;'D';'';0
'Item.Codigo18';'T';11.40;148.10;34.50;151.90;'Arial';7;0;0;0;0;65535;'D';'';0
'Item.Codigo19';'T';11.40;152.10;34.50;155.90;'Arial';7;0;0;0;0;65535;'D';'';0
'Item.Codigo20';'T';11.40;156.10;34.50;159.90;'Arial';7;0;0;0;0;65535;'D';'';0
'Item.Codigo21';'T';11.40;160.10;34.50;163.90;'Arial';7;0;0;0;0;65535;'D';'';0
'Item.Codigo22';'T';11.40;164.10;34.50;167.90;'Arial';7;0;0;0;0;65535;'D';'';0
'Item.Codigo23';'T';11.40;168.10;34.50;171.90;'Arial';7;0;0;0;0;65535;'D';'';0
'Item.Codigo24';'T';11.40;172.10;34.50;175.90;'Arial';7;0;0;0;0;65535;'D';'';0
'Item.Codigo25';'T';11.40;176.10;34.50;179.90;'Arial';7;0;0;0;0;65535;'D';'';0
'Item.Codigo26';'T';11.40;180.10;34.50;183.90;'Arial';7;0;0;0;0;65535;'D';'';0
'Item.Codigo27';'T';11.40;184.10;34.50;187.90;'Arial';7;0;0;0;0;65535;'D';'';0
'Item.Codigo28';'T';11.40;188.10;34.50;191.90;'Arial';7;0;0;0;0;65535;'D';'';0
'Item.Codigo29';'T';11.40;192.10;34.50;195.90;'Arial';7;0;0;0;0;65535;'D';'';0
'Item.Codigo30';'T';11.40;196.10;34.50;199.90;'Arial';7;0;0;0;0;65535;'D';'';0
'Item.Codigo31';'T';11.40;200.10;34.50;203.90;'Arial';7;0;0;0;0;65535;'D';'';0
'Item.Codigo32';'T';11.40;204.10;34.50;207.90;'Arial';7;0;0;0;0;65535;'D';'';0
'Item.Codigo33';'T';11.40;208.10;34.50;211.90;'Arial';7;0;0;0;0;65535;'D';'';0
'Item.Codigo34';'T';11.40;212.10;34.50;215.90;'Arial';7;0;0;0;0;65535;'D';'';0
'Item.Codigo35';'T';11.40;216.10;34.50;219.90;'Arial';7;0;0;0;0;65535;'D';'';0
'Item.Codigo36';'T';11.40;220.10;34.50;223.90;'Arial';7;0;0;0;0;65535;'D';'';0
'Item.Codigo37';'T';11.40;224.10;34.50;227.90;'Arial';7;0;0;0;0;65535;'D';'';0
'Item.Codigo38';'T';11.40;228.10;34.50;231.90;'Arial';7;0;0;0;0;65535;'D';'';0
'Item.Codigo39';'T';11.40;232.10;34.50;235.90;'Arial';7;0;0;0;0;65535;'D';'';0
'Item.Descripcion';'T';44.90;75.00;123.60;80.00;'Arial';7;0;0;0;0;65535;'C';'Descripci\xf3n';0
'Item.Descripcion01';'T';45.60;79.80;123.30;83.80;'Arial';7;0;0;0;0;65535;'I';'';0
'Item.Descripcion02';'T';45.70;83.90;123.30;87.90;'Arial';7;0;0;0;0;65535;'I';'';0
'Item.Descripcion03';'T';45.70;87.90;123.30;91.90;'Arial';7;0;0;0;0;65535;'I';'';0
'Item.Descripcion04';'T';45.70;91.90;123.30;95.90;'Arial';7;0;0;0;0;65535;'I';'';0
'Item.Descripcion05';'T';45.70;95.90;123.30;99.90;'Arial';7;0;0;0;0;65535;'I';'';0
'Item.Descripcion06';'T';45.70;99.90;123.30;103.90;'Arial';7;0;0;0;0;65535;'I';'';0
'Item.Descripcion07';'T';45.70;103.90;123.30;107.90;'Arial';7;0;0;0;0;65535;'I';'';0
'Item.Descripcion08';'T';45.70;107.90;123.30;111.90;'Arial';7;0;0;0;0;65535;'I';'';0
'Item.Descripcion09';'T';45.70;111.90;123.30;115.90;'Arial';7;0;0;0;0;65535;'I';'';0
'Item.Descripcion10';'T';45.70;115.90;123.30;119.90;'Arial';7;0;0;0;0;65535;'I';'';0
'Item.Descripcion11';'T';45.70;119.90;123.30;123.90;'Arial';7;0;0;0;0;65535;'I';'';0
'Item.Descripcion12';'T';45.70;123.90;123.30;127.90;'Arial';7;0;0;0;0;65535;'I';'';0
'Item.Descripcion13';'T';45.70;127.90;123.30;131.90;'Arial';7;0;0;0;0;65535;'I';'';0
'Item.Descripcion14';'T';45.70;131.90;123.30;135.90;'Arial';7;0;0;0;0;65535;'I';'';0
'Item.Descripcion15';'T';45.70;135.90;123.30;139.90;'Arial';7;0;0;0;0;65535;'I';'';0
'Item.Descripcion16';'T';45.70;139.90;123.30;143.90;'Arial';7;0;0;0;0;65535;'I';'';0
'Item.Descripcion17';'T';45.70;143.90;123.30;147.90;'Arial';7;0;0;0;0;65535;'I';'';0
'Item.Descripcion18';'T';45.70;147.90;123.30;151.90;'Arial';7;0;0;0;0;65535;'I';'';0
'Item.Descripcion19';'T';45.70;151.90;123.30;155.90;'Arial';7;0;0;0;0;65535;'I';'';0
'Item.Descripcion20';'T';45.70;155.90;123.30;159.90;'Arial';7;0;0;0;0;65535;'I';'';0
'Item.Descripcion21';'T';45.70;159.90;123.30;163.90;'Arial';7;0;0;0;0;65535;'I';'';0
'Item.Descripcion22';'T';45.70;163.90;123.30;167.90;'Arial';7;0;0;0;0;65535;'I';'';0
'Item.Descripcion23';'T';45.70;167.90;123.30;171.90;'Arial';7;0;0;0;0;65535;'I';'';0
'Item.Descripcion24';'T';45.70;171.90;123.30;175.90;'Arial';7;0;0;0;0;65535;'I';'';0
'Item.Descripcion25';'T';45.70;175.90;123.30;179.90;'Arial';7;0;0;0;0;65535;'I';'';0
'Item.Descripcion26';'T';45.70;179.90;123.30;183.90;'Arial';7;0;0;0;0;65535;'I';'';0
'Item.Descripcion27';'T';45.70;183.90;123.30;187.90;'Arial';7;0;0;0;0;65535;'I';'';0
'Item.Descripcion28';'T';45.70;187.90;123.30;191.90;'Arial';7;0;0;0;0;65535;'I';'';0
'Item.Descripcion29';'T';45.70;191.90;123.30;195.90;'Arial';7;0;0;0;0;65535;'I';'';0
'Item.Descripcion30';'T';45.70;195.90;123.30;199.90;'Arial';7;0;0;0;0;65535;'I';'';0
'Item.Descripcion31';'T';45.70;199.90;123.30;203.90;'Arial';7;0;0;0;0;65535;'I';'';0
'Item.Descripcion32';'T';45.70;203.90;123.30;207.90;'Arial';7;0;0;0;0;65535;'I';'';0
'Item.Descripcion33';'T';45.70;207.90;123.30;211.90;'Arial';7;0;0;0;0;65535;'I';'';0
'Item.Descripcion34';'T';45.70;211.90;123.30;215.90;'Arial';7;0;0;0;0;65535;'I';'';0
'Item.Descripcion35';'T';45.70;215.90;123.30;219.90;'Arial';7;0;0;0;0;65535;'I';'';0
'Item.Descripcion36';'T';45.70;219.90;123.30;223.90;'Arial';7;0;0;0;0;65535;'I';'';0
'Item.Descripcion37';'T';45.70;223.90;123.30;227.90;'Arial';7;0;0;0;0;65535;'I';'';0
'Item.Descripcion38';'T';45.70;227.90;123.30;231.90;'Arial';7;0;0;0;0;65535;'I';'';0
'Item.Descripcion39';'T';45.70;231.90;123.30;235.90;'Arial';7;0;0;0;0;65535;'I';'';0
'Item.Importe';'T';188.80;74.90;208.40;79.90;'Arial';7;0;0;0;0;65535;'C';'Importe';0
'Item.Importe01';'T';188.70;80.00;208.50;83.80;'Arial';7;0;0;0;0;65535;'D';'';0
'Item.Importe02';'T';188.70;84.10;208.40;87.90;'Arial';7;0;0;0;0;65535;'D';'';0
'Item.Importe03';'T';188.70;88.10;208.40;91.90;'Arial';7;0;0;0;0;65535;'D';'';0
'Item.Importe04';'T';188.70;92.10;208.40;95.90;'Arial';7;0;0;0;0;65535;'D';'';0
'Item.Importe05';'T';188.70;96.10;208.40;99.90;'Arial';7;0;0;0;0;65535;'D';'';0
'Item.Importe06';'T';188.70;100.10;208.40;103.90;'Arial';7;0;0;0;0;65535;'D';'';0
'Item.Importe07';'T';188.70;104.10;208.40;107.90;'Arial';7;0;0;0;0;65535;'D';'';0
'Item.Importe08';'T';188.70;108.10;208.40;111.90;'Arial';7;0;0;0;0;65535;'D';'';0
'Item.Importe09';'T';188.70;112.10;208.40;115.90;'Arial';7;0;0;0;0;65535;'D';'';0
'Item.Importe10';'T';188.70;116.10;208.40;119.90;'Arial';7;0;0;0;0;65535;'D';'';0
'Item.Importe11';'T';188.70;120.10;208.40;123.90;'Arial';7;0;0;0;0;65535;'D';'';0
'Item.Importe12';'T';188.70;124.10;208.40;127.90;'Arial';7;0;0;0;0;65535;'D';'';0
'Item.Importe13';'T';188.70;128.10;208.40;131.90;'Arial';7;0;0;0;0;65535;'D';'';0
'Item.Importe14';'T';188.70;132.10;208.40;135.90;'Arial';7;0;0;0;0;65535;'D';'';0
'Item.Importe15';'T';188.70;136.10;208.40;139.90;'Arial';7;0;0;0;0;65535;'D';'';0
'Item.Importe16';'T';188.70;140.10;208.40;143.90;'Arial';7;0;0;0;0;65535;'D';'';0
'Item.Importe17';'T';188.70;144.10;208.40;147.90;'Arial';7;0;0;0;0;65535;'D';'';0
'Item.Importe18';'T';188.70;148.10;208.40;151.90;'Arial';7;0;0;0;0;65535;'D';'';0
'Item.Importe19';'T';188.70;152.10;208.40;155.90;'Arial';7;0;0;0;0;65535;'D';'';0
'Item.Importe20';'T';188.70;156.10;208.40;159.90;'Arial';7;0;0;0;0;65535;'D';'';0
'Item.Importe21';'T';188.70;160.10;208.40;163.90;'Arial';7;0;0;0;0;65535;'D';'';0
'Item.Importe22';'T';188.70;164.10;208.40;167.90;'Arial';7;0;0;0;0;65535;'D';'';0
'Item.Importe23';'T';188.70;168.10;208.40;171.90;'Arial';7;0;0;0;0;65535;'D';'';0
'Item.Importe24';'T';188.70;172.10;208.40;175.90;'Arial';7;0;0;0;0;65535;'D';'';0
'Item.Importe25';'T';188.70;176.10;208.40;179.90;'Arial';7;0;0;0;0;65535;'D';'';0
'Item.Importe26';'T';188.70;180.10;208.40;183.90;'Arial';7;0;0;0;0;65535;'D';'';0
'Item.Importe27';'T';188.70;184.10;208.40;187.90;'Arial';7;0;0;0;0;65535;'D';'';0
'Item.Importe28';'T';188.70;188.10;208.40;191.90;'Arial';7;0;0;0;0;65535;'D';'';0
'Item.Importe29';'T';188.70;192.10;208.40;195.90;'Arial';7;0;0;0;0;65535;'D';'';0
'Item.Importe30';'T';188.70;196.10;208.40;199.90;'Arial';7;0;0;0;0;65535;'D';'';0
'Item.Importe31';'T';188.70;200.10;208.40;203.90;'Arial';7;0;0;0;0;65535;'D';'';0
'Item.Importe32';'T';188.70;204.10;208.40;207.90;'Arial';7;0;0;0;0;65535;'D';'';0
'Item.Importe33';'T';188.70;208.10;208.40;211.90;'Arial';7;0;0;0;0;65535;'D';'';0
'Item.Importe34';'T';188.70;212.10;208.40;215.90;'Arial';7;0;0;0;0;65535;'D';'';0
'Item.Importe35';'T';188.70;216.10;208.40;219.90;'Arial';7;0;0;0;0;65535;'D';'';0
'Item.Importe36';'T';188.70;220.10;208.40;223.90;'Arial';7;0;0;0;0;65535;'D';'';0
'Item.Importe37';'T';188.70;224.10;208.40;227.90;'Arial';7;0;0;0;0;65535;'D';'';0
'Item.Importe38';'T';188.70;228.10;208.40;231.90;'Arial';7;0;0;0;0;65535;'D';'';0
'Item.Importe39';'T';188.70;232.10;208.40;235.90;'Arial';7;0;0;0;0;65535;'D';'';0
'Item.ImporteIva01';'T';174.00;79.90;188.00;83.70;'Arial';7;0;0;0;0;65535;'D';'';0
'Item.ImporteIva02';'T';174.00;84.00;188.00;87.80;'Arial';7;0;0;0;0;65535;'D';'';0
'Item.ImporteIva03';'T';174.00;88.00;188.00;91.80;'Arial';7;0;0;0;0;65535;'D';'';0
'Item.ImporteIva04';'T';174.00;92.00;188.00;95.80;'Arial';7;0;0;0;0;65535;'D';'';0
'Item.ImporteIva05';'T';174.00;96.00;188.00;99.80;'Arial';7;0;0;0;0;65535;'D';'';0
'Item.ImporteIva06';'T';174.00;100.00;188.00;103.80;'Arial';7;0;0;0;0;65535;'D';'';0
'Item.ImporteIva07';'T';174.00;104.00;188.00;107.80;'Arial';7;0;0;0;0;65535;'D';'';0
'Item.ImporteIva08';'T';174.00;108.00;188.00;111.80;'Arial';7;0;0;0;0;65535;'D';'';0
'Item.ImporteIva09';'T';174.00;112.00;188.00;115.80;'Arial';7;0;0;0;0;65535;'D';'';0
'Item.ImporteIva10';'T';174.00;116.00;188.00;119.80;'Arial';7;0;0;0;0;65535;'D';'';0
'Item.ImporteIva11';'T';174.00;120.00;188.00;123.80;'Arial';7;0;0;0;0;65535;'D';'';0
'Item.ImporteIva12';'T';174.00;124.00;188.00;127.80;'Arial';7;0;0;0;0;65535;'D';'';0
'Item.ImporteIva13';'T';174.00;128.00;188.00;131.80;'Arial';7;0;0;0;0;65535;'D';'';0
'Item.ImporteIva14';'T';174.00;132.00;188.00;135.80;'Arial';7;0;0;0;0;65535;'D';'';0
'Item.ImporteIva15';'T';174.00;136.00;188.00;139.80;'Arial';7;0;0;0;0;65535;'D';'';0
'Item.ImporteIva16';'T';174.00;140.00;188.00;143.80;'Arial';7;0;0;0;0;65535;'D';'';0
'Item.ImporteIva17';'T';174.00;144.00;188.00;147.80;'Arial';7;0;0;0;0;65535;'D';'';0
'Item.ImporteIva18';'T';174.00;148.00;188.00;151.80;'Arial';7;0;0;0;0;65535;'D';'';0
'Item.ImporteIva19';'T';174.00;152.00;188.00;155.80;'Arial';7;0;0;0;0;65535;'D';'';0
'Item.ImporteIva20';'T';174.00;156.00;188.00;159.80;'Arial';7;0;0;0;0;65535;'D';'';0
'Item.ImporteIva21';'T';174.00;160.00;188.00;163.80;'Arial';7;0;0;0;0;65535;'D';'';0
'Item.ImporteIva22';'T';174.00;164.00;188.00;167.80;'Arial';7;0;0;0;0;65535;'D';'';0
'Item.ImporteIva23';'T';174.00;168.00;188.00;171.80;'Arial';7;0;0;0;0;65535;'D';'';0
'Item.ImporteIva24';'T';174.00;172.00;188.00;175.80;'Arial';7;0;0;0;0;65535;'D';'';0
'Item.ImporteIva25';'T';174.00;176.00;188.00;179.80;'Arial';7;0;0;0;0;65535;'D';'';0
'Item.ImporteIva26';'T';174.00;180.00;188.00;183.80;'Arial';7;0;0;0;0;65535;'D';'';0
'Item.ImporteIva27';'T';174.00;184.00;188.00;187.80;'Arial';7;0;0;0;0;65535;'D';'';0
'Item.ImporteIva28';'T';174.00;188.00;188.00;191.80;'Arial';7;0;0;0;0;65535;'D';'';0
'Item.ImporteIva29';'T';174.00;192.00;188.00;195.80;'Arial';7;0;0;0;0;65535;'D';'';0
'Item.ImporteIva30';'T';174.00;196.00;188.00;199.80;'Arial';7;0;0;0;0;65535;'D';'';0
'Item.ImporteIva31';'T';174.00;200.00;188.00;203.80;'Arial';7;0;0;0;0;65535;'D';'';0
'Item.ImporteIva32';'T';174.00;204.00;188.00;207.80;'Arial';7;0;0;0;0;65535;'D';'';0
'Item.ImporteIva33';'T';174.00;208.00;188.00;211.80;'Arial';7;0;0;0;0;65535;'D';'';0
'Item.ImporteIva34';'T';174.00;212.00;188.00;215.80;'Arial';7;0;0;0;0;65535;'D';'';0
'Item.ImporteIva35';'T';174.00;216.00;188.00;219.80;'Arial';7;0;0;0;0;65535;'D';'';0
'Item.ImporteIva36';'T';174.00;220.00;188.00;223.80;'Arial';7;0;0;0;0;65535;'D';'';0
'Item.ImporteIva37';'T';174.00;224.00;188.00;227.80;'Arial';7;0;0;0;0;65535;'D';'';0
'Item.ImporteIva38';'T';174.00;228.00;188.00;231.80;'Arial';7;0;0;0;0;65535;'D';'';0
'Item.ImporteIva39';'T';174.00;232.00;188.00;235.80;'Arial';7;0;0;0;0;65535;'D';'';0
'Item.Precio';'T';145.70;75.00;165.40;80.00;'Arial';7;0;0;0;0;65535;'C';'Precio';0
'Item.Precio01';'T';144.90;80.10;164.60;83.90;'Arial';7;0;0;0;0;65535;'D';'';0
'Item.Precio02';'T';144.90;84.30;164.60;88.10;'Arial';7;0;0;0;0;65535;'D';'';0
'Item.Precio03';'T';144.90;88.30;164.60;92.10;'Arial';7;0;0;0;0;65535;'D';'';0
'Item.Precio04';'T';144.90;92.30;164.60;96.10;'Arial';7;0;0;0;0;65535;'D';'';0
'Item.Precio05';'T';144.90;96.30;164.60;100.10;'Arial';7;0;0;0;0;65535;'D';'';0
'Item.Precio06';'T';144.90;100.30;164.60;104.10;'Arial';7;0;0;0;0;65535;'D';'';0
'Item.Precio07';'T';144.90;104.30;164.60;108.10;'Arial';7;0;0;0;0;65535;'D';'';0
'Item.Precio08';'T';144.90;108.30;164.60;112.10;'Arial';7;0;0;0;0;65535;'D';'';0
'Item.Precio09';'T';144.90;112.30;164.60;116.10;'Arial';7;0;0;0;0;65535;'D';'';0
'Item.Precio10';'T';144.90;116.30;164.60;120.10;'Arial';7;0;0;0;0;65535;'D';'';0
'Item.Precio11';'T';144.90;120.30;164.60;124.10;'Arial';7;0;0;0;0;65535;'D';'';0
'Item.Precio12';'T';144.90;124.30;164.60;128.10;'Arial';7;0;0;0;0;65535;'D';'';0
'Item.Precio13';'T';144.90;128.30;164.60;132.10;'Arial';7;0;0;0;0;65535;'D';'';0
'Item.Precio14';'T';144.90;132.30;164.60;136.10;'Arial';7;0;0;0;0;65535;'D';'';0
'Item.Precio15';'T';144.90;136.30;164.60;140.10;'Arial';7;0;0;0;0;65535;'D';'';0
'Item.Precio16';'T';144.90;140.30;164.60;144.10;'Arial';7;0;0;0;0;65535;'D';'';0
'Item.Precio17';'T';144.90;144.30;164.60;148.10;'Arial';7;0;0;0;0;65535;'D';'';0
'Item.Precio18';'T';144.90;148.30;164.60;152.10;'Arial';7;0;0;0;0;65535;'D';'';0
'Item.Precio19';'T';144.90;152.30;164.60;156.10;'Arial';7;0;0;0;0;65535;'D';'';0
'Item.Precio20';'T';144.90;156.30;164.60;160.10;'Arial';7;0;0;0;0;65535;'D';'';0
'Item.Precio21';'T';144.90;160.30;164.60;164.10;'Arial';7;0;0;0;0;65535;'D';'';0
'Item.Precio22';'T';144.90;164.30;164.60;168.10;'Arial';7;0;0;0;0;65535;'D';'';0
'Item.Precio23';'T';144.90;168.30;164.60;172.10;'Arial';7;0;0;0;0;65535;'D';'';0
'Item.Precio24';'T';144.90;172.30;164.60;176.10;'Arial';7;0;0;0;0;65535;'D';'';0
'Item.Precio25';'T';144.90;176.30;164.60;180.10;'Arial';7;0;0;0;0;65535;'D';'';0
'Item.Precio26';'T';144.90;180.30;164.60;184.10;'Arial';7;0;0;0;0;65535;'D';'';0
'Item.Precio27';'T';144.90;184.30;164.60;188.10;'Arial';7;0;0;0;0;65535;'D';'';0
'Item.Precio28';'T';144.90;188.30;164.60;192.10;'Arial';7;0;0;0;0;65535;'D';'';0
'Item.Precio29';'T';144.90;192.30;164.60;196.10;'Arial';7;0;0;0;0;65535;'D';'';0
'Item.Precio30';'T';144.90;196.30;164.60;200.10;'Arial';7;0;0;0;0;65535;'D';'';0
'Item.Precio31';'T';144.90;200.30;164.60;204.10;'Arial';7;0;0;0;0;65535;'D';'';0
'Item.Precio32';'T';144.90;204.30;164.60;208.10;'Arial';7;0;0;0;0;65535;'D';'';0
'Item.Precio33';'T';144.90;208.30;164.60;212.10;'Arial';7;0;0;0;0;65535;'D';'';0
'Item.Precio34';'T';144.90;212.30;164.60;216.10;'Arial';7;0;0;0;0;65535;'D';'';0
'Item.Precio35';'T';144.90;216.30;164.60;220.10;'Arial';7;0;0;0;0;65535;'D';'';0
'Item.Precio36';'T';144.90;220.30;164.60;224.10;'Arial';7;0;0;0;0;65535;'D';'';0
'Item.Precio37';'T';144.90;224.30;164.60;228.10;'Arial';7;0;0;0;0;65535;'D';'';0
'Item.Precio38';'T';144.90;228.30;164.60;232.10;'Arial';7;0;0;0;0;65535;'D';'';0
'Item.Precio39';'T';144.90;232.30;164.60;236.10;'Arial';7;0;0;0;0;65535;'D';'';0
'Item.Umed_ds01';'T';36.30;80.10;43.60;83.90;'Arial';7;0;0;0;0;65535;'D';'';0
'Item.Umed_ds02';'T';36.30;84.30;43.60;88.10;'Arial';7;0;0;0;0;65535;'D';'';0
'Item.Umed_ds03';'T';36.30;88.30;43.60;92.10;'Arial';7;0;0;0;0;65535;'D';'';0
'Item.Umed_ds04';'T';36.30;92.30;43.60;96.10;'Arial';7;0;0;0;0;65535;'D';'';0
'Item.Umed_ds05';'T';36.30;96.30;43.60;100.10;'Arial';7;0;0;0;0;65535;'D';'';0
'Item.Umed_ds06';'T';36.30;100.30;43.60;104.10;'Arial';7;0;0;0;0;65535;'D';'';0
'Item.Umed_ds07';'T';36.30;104.30;43.60;108.10;'Arial';7;0;0;0;0;65535;'D';'';0
'Item.Umed_ds08';'T';36.30;108.30;43.60;112.10;'Arial';7;0;0;0;0;65535;'D';'';0
'Item.Umed_ds09';'T';36.30;112.30;43.60;116.10;'Arial';7;0;0;0;0;65535;'D';'';0
'Item.Umed_ds10';'T';36.30;116.30;43.60;120.10;'Arial';7;0;0;0;0;65535;'D';'';0
'Item.Umed_ds11';'T';36.30;120.30;43.60;124.10;'Arial';7;0;0;0;0;65535;'D';'';0
'Item.Umed_ds12';'T';36.30;124.30;43.60;128.10;'Arial';7;0;0;0;0;65535;'D';'';0
'Item.Umed_ds13';'T';36.30;128.30;43.60;132.10;'Arial';7;0;0;0;0;65535;'D';'';0
'Item.Umed_ds14';'T';36.30;132.30;43.60;136.10;'Arial';7;0;0;0;0;65535;'D';'';0
'Item.Umed_ds15';'T';36.30;136.30;43.60;140.10;'Arial';7;0;0;0;0;65535;'D';'';0
'Item.Umed_ds16';'T';36.30;140.30;43.60;144.10;'Arial';7;0;0;0;0;65535;'D';'';0
'Item.Umed_ds17';'T';36.30;144.30;43.60;148.10;'Arial';7;0;0;0;0;65535;'D';'';0
'Item.Umed_ds18';'T';36.30;148.30;43.60;152.10;'Arial';7;0;0;0;0;65535;'D';'';0
'Item.Umed_ds19';'T';36.30;152.30;43.60;156.10;'Arial';7;0;0;0;0;65535;'D';'';0
'Item.Umed_ds20';'T';36.30;156.30;43.60;160.10;'Arial';7;0;0;0;0;65535;'D';'';0
'Item.Umed_ds21';'T';36.30;160.30;43.60;164.10;'Arial';7;0;0;0;0;65535;'D';'';0
'Item.Umed_ds22';'T';36.30;164.30;43.60;168.10;'Arial';7;0;0;0;0;65535;'D';'';0
'Item.Umed_ds23';'T';36.30;168.30;43.60;172.10;'Arial';7;0;0;0;0;65535;'D';'';0
'Item.Umed_ds24';'T';36.30;172.30;43.60;176.10;'Arial';7;0;0;0;0;65535;'D';'';0
'Item.Umed_ds25';'T';36.30;176.30;43.60;180.10;'Arial';7;0;0;0;0;65535;'D';'';0
'Item.Umed_ds26';'T';36.30;180.30;43.60;184.10;'Arial';7;0;0;0;0;65535;'D';'';0
'Item.Umed_ds27';'T';36.30;184.30;43.60;188.10;'Arial';7;0;0;0;0;65535;'D';'';0
'Item.Umed_ds28';'T';36.30;188.30;43.60;192.10;'Arial';7;0;0;0;0;65535;'D';'';0
'Item.Umed_ds29';'T';36.30;192.30;43.60;196.10;'Arial';7;0;0;0;0;65535;'D';'';0
'Item.Umed_ds30';'T';36.30;196.30;43.60;200.10;'Arial';7;0;0;0;0;65535;'D';'';0
'Item.Umed_ds31';'T';36.30;200.30;43.60;204.10;'Arial';7;0;0;0;0;65535;'D';'';0
'Item.Umed_ds32';'T';36.30;204.30;43.60;208.10;'Arial';7;0;0;0;0;65535;'D';'';0
'Item.Umed_ds33';'T';36.30;208.30;43.60;212.10;'Arial';7;0;0;0;0;65535;'D';'';0
'Item.Umed_ds34';'T';36.30;212.30;43.60;216.10;'Arial';7;0;0;0;0;65535;'D';'';0
'Item.Umed_ds35';'T';36.30;216.30;43.60;220.10;'Arial';7;0;0;0;0;65535;'D';'';0
'Item.Umed_ds36';'T';36.30;220.30;43.60;224.10;'Arial';7;0;0;0;0;65535;'D';'';0
'Item.Umed_ds37';'T';36.30;224.30;43.60;228.10;'Arial';7;0;0;0;0;65535;'D';'';0
'Item.Umed_ds38';'T';36.30;228.30;43.60;232.10;'Arial';7;0;0;0;0;65535;'D';'';0
'Item.Umed_ds39';'T';36.30;232.30;43.60;236.10;'Arial';7;0;0;0;0;65535;'D';'';0
'Item.Unidad';'T';34.10;74.90;45.10;79.90;'Arial';7;0;0;0;0;65535;'C';'Unid.';0
'LETRA';'T';99.90;12.90;109.90;14.90;'Arial';16;1;0;0;0;0;'C';'X';2
'Linea.Cantidad';'L';165.30;74.90;165.30;237.10;None;0;0;0;0;0;0;'I';None;3
'Linea.Codigo';'L';35.20;74.90;35.20;237.20;None;0;0;0;0;0;0;'I';None;3
'Linea.Descripcion';'L';144.55;75.10;144.55;237.40;None;0;0;0;0;0;0;'I';None;3
'Linea.Descripcion_copy';'L';133.70;74.90;133.70;237.30;None;0;0;0;0;0;0;'I';None;3
'Linea.Descripcion_copy_copy';'L';124.50;75.10;124.50;237.50;None;0;0;0;0;0;0;'I';None;3
'Linea.Precio';'L';188.30;74.90;188.30;237.10;None;0;0;0;0;0;0;'I';None;3
'Linea.Unidad';'L';44.30;75.00;44.30;237.30;None;0;0;0;0;0;0;'I';None;3
'Linea1';'L';105.30;20.10;105.30;45.30;'Arial';0;0;0;0;0;0;'I';None;3
'Linea2';'L';9.60;45.20;209.60;45.20;None;0;0;0;0;0;0;'I';None;3
'Linea3';'L';9.60;74.90;209.60;74.90;None;0;0;0;0;0;0;'I';None;3
'Linea6';'L';9.70;237.40;209.70;237.40;None;0;0;0;0;0;0;'I';None;3
'Linea9';'L';9.60;79.60;209.60;79.60;None;0;0;0;0;0;0;'I';None;0
'Logo';'I';11.20;10.20;81.80;38.60;None;0;0;0;0;0;0;'I';'logo.png';2
'NETO';'T';180.20;239.00;209.20;243.80;'Arial';9;0;0;0;0;0;'D';'';0
'NETO.L';'T';155.10;239.00;177.60;243.80;'Arial';9;0;0;0;0;0;'I';'Sub Total Neto:';0
'Numero';'T';139.70;21.40;199.70;27.00;'Arial';14;1;0;0;0;0;'I';'0000-00000000';2
'Pagina';'T';153.00;15.40;193.00;19.40;'Arial';8;0;0;0;0;0;'C';'P\xe1gina';2
'Pedido.L';'T';144.70;61.70;160.20;65.70;'Arial';10;0;0;0;0;0;'I';'Pedido:';0
'Remito.L';'T';172.80;61.80;187.40;65.80;'Arial';10;0;0;0;0;0;'I';'Remito N\xba:';0
'TOTAL';'T';185.10;282.90;208.20;287.70;'Arial';10;1;0;0;0;65535;'D';None;0
'TipoCBTE';'T';98.90;16.40;110.90;20.90;'Arial';7;1;0;0;0;0;'C';'COD.01';2
'Total.C';'B';184.40;282.20;209.40;288.20;None;0;0;0;0;0;0;'I';None;-1
'Total.L';'T';154.60;282.30;180.20;287.70;'Arial';10;0;0;0;0;0;'I';'Total:';0
'Tributo.Alicuota01';'T';178.10;244.70;189.30;249.50;'Arial';9;0;0;0;0;0;'D';'';0
'Tributo.Alicuota02';'T';178.00;250.00;189.20;254.80;'Arial';9;0;0;0;0;0;'D';'';0
'Tributo.Alicuota03';'T';178.00;254.80;189.20;259.60;'Arial';12;0;0;0;0;0;'D';'';0
'Tributo.Alicuota04';'T';178.30;259.90;189.50;264.70;'Arial';9;0;0;0;0;0;'D';'';0
'Tributo.Alicuota05';'T';178.30;264.90;189.50;269.70;'Arial';9;0;0;0;0;0;'D';'';0
'Tributo.Descripcion01';'T';155.10;244.80;177.90;249.60;'Arial';9;0;0;0;0;0;'D';'';0
'Tributo.Descripcion02';'T';155.30;250.00;178.10;254.80;'Arial';9;0;0;0;0;0;'D';'';0
'Tributo.Descripcion03';'T';155.30;255.00;178.10;259.80;'Arial';9;0;0;0;0;0;'D';'';0
'Tributo.Descripcion04';'T';155.20;260.10;178.00;264.90;'Arial';9;0;0;0;0;0;'D';'';0
'Tributo.Descripcion05';'T';155.30;265.00;178.10;269.80;'Arial';9;0;0;0;0;0;'D';'';0
'Tributo.Importe01';'T';189.80;244.80;208.90;249.60;'Arial';9;0;0;0;0;65535;'D';None;0
'Tributo.Importe02';'T';190.10;250.10;209.20;254.90;'Arial';9;0;0;0;0;65535;'D';None;0
'Tributo.Importe03';'T';190.00;255.00;209.10;259.80;'Arial';9;0;0;0;0;65535;'D';None;0
'Tributo.Importe04';'T';190.00;260.00;209.10;264.80;'Arial';9;0;0;0;0;65535;'D';None;0
'Tributo.Importe05';'T';190.00;265.00;209.10;269.80;'Arial';9;0;0;0;0;65535;'D';None;0
'copia';'T';117.40;15.40;152.40;19.40;'Arial';8;0;0;0;0;0;'C';'Original';2
'cu';'T';116.90;34.30;128.10;39.30;'Arial';10;False;False;False;0;16777215;'L';'C.U.I.T.:';0
'custom-nota1';'T';104.90;276.10;151.60;280.30;'Arial';8;False;False;False;0;16777215;'C';'';0
'custom-nota2';'T';105.90;280.10;151.40;284.30;'Arial';8;False;False;False;0;16777215;'C';'';0
'custom-nota3';'T';106.10;283.90;151.40;288.10;'Arial';8;False;False;False;0;16777215;'C';'';0
'custom-pedido';'T';158.80;61.80;172.20;65.80;'Arial';10;0;0;0;0;65535;'I';'';0
'custom-remito';'T';189.60;61.80;208.80;65.80;'Arial';10;0;0;0;0;0;'I';'';0
'custom-tit-cond-venta';'T';11.30;68.10;43.10;73.10;'Arial';10;0;0;1;0;0;'I';'Forma de Pago:';0
'custom-tit-transporte';'T';42.30;270.10;68.30;274.10;'Arial';10;0;0;0;0;65535;'I';'Transporte:';0
'custom-tot-porc-iva';'T';178.30;270.50;186.30;275.30;'Arial';9;0;0;0;0;0;'D';'';0
'custom-tot-porc-niva';'T';178.30;275.70;186.30;280.50;'Arial';9;0;0;0;0;0;'D';'';0
'custom-transporte';'T';81.30;270.10;151.20;274.10;'Arial';10;0;0;0;0;65535;'I';'';0
'forma_pago';'T';44.30;68.40;139.10;73.40;'Arial';10;0;0;0;0;0;'I';None;0
'ib';'T';166.10;34.30;173.30;39.10;'Arial';10;False;False;False;0;16777215;'L';'I.B.:';0
'motivos_ds.L';'T';13.00;239.10;150.20;243.90;'Arial';10;0;0;1;0;0;'C';'Observaciones AFIP';0
'motivos_ds1';'T';12.80;245.20;150.10;249.20;'Arial';9;0;1;0;0;0;'I';'';0
'motivos_ds2';'T';12.80;250.80;150.30;254.80;'Arial';9;0;1;0;0;0;'I';'';0
'motivos_ds3';'T';12.80;256.00;150.50;260.00;'Arial';9;0;1;0;0;0;'I';'';0
