'CAE';'T';26.30;272.70;53.40;276.70;'Arial';10;1;0;0;0;0;'I';'61101021770094';0
'CAE.L';'T';9.90;272.70;25.90;276.70;'Arial';10;1;0;0;0;0;'I';'C.A.E. N\xba';0
'CAE.Vencimiento';'T';83.70;272.70;102.40;276.70;'Arial';10;1;0;0;0;0;'I';'31/12/2010';0
'CAE.Vencimiento.L';'T';55.70;272.70;82.70;276.70;'Arial';10;1;0;0;0;0;'I';'Fecha Vto. CAE:';0
'CUIT';'T';105.20;32.50;156.20;37.50;'Arial';10;0;0;0;0;0;'C';'';2
'Cliente';'T';8.70;44.50;24.90;50.50;'Arial';10;0;0;0;0;0;'I';'Sr.(s):';0
'Cliente.CUIT';'T';100.60;59.40;140.60;64.40;'Arial';10;0;0;0;0;65535;'I';None;0
'Cliente.CUIT.L';'T';80.60;59.40;100.60;64.40;'Arial';10;0;0;0;0;0;'I';'CUIT:';0
'Cliente.Domicilio';'T';26.10;49.40;140.20;55.40;'Arial';10;0;0;0;0;65535;'I';None;0
'Cliente.Domicilio.L';'t';8.80;49.60;30.00;55.60;'Arial';10;0;0;0;0;0;'I';'Direcci\xf3n:';0
'Cliente.IVA';'T';26.30;59.40;79.10;64.40;'Arial';10;0;0;0;0;0;'I';None;0
'Cliente.IVA.L';'T';8.70;59.50;26.90;64.50;'Arial';10;0;0;0;0;0;'I';'IVA:';0
'Cliente.Localidad';'T';26.40;54.00;79.00;60.00;'Arial';10;0;0;0;0;65535;'I';None;0
'Cliente.Localidad.L';'T';8.60;54.00;27.60;60.00;'Arial';10;0;0;0;0;0;'I';'Localidad:';0
'Cliente.Nombre';'T';45.40;44.40;116.20;50.40;'Arial';10;0;0;0;0;65535;'I';None;0
'Cliente.Provincia';'T';99.60;54.40;140.60;60.40;'Arial';10;0;0;0;0;0;'I';None;0
'Cliente.Provincia.L';'T';80.60;54.40;99.60;60.40;'Arial';10;0;0;0;0;0;'I';'Provincia:';0
'CodigoBarras';'BC';9.80;276.50;101.90;283.10;'Interleaved 2of5 NT';0.75;0;0;0;0;0;'I';'200000000001000159053338016581200810081';3
'CodigoBarrasLegible';'T';9.80;283.40;101.40;286.30;'Arial';6;0;0;0;0;0;'C';'3369345023901000161101021770094201103155';3
'Comprobante.N\xba';'T';126.80;19.30;136.80;24.80;'Arial';14;1;0;0;0;0;'I';'N\xba: ';2
'ComprobanteEx.L';'T';109.80;8.40;205.50;12.90;'Arial Black';13;0;0;0;0;0;'C';'FACTURA';2
'Cuadro';'B';7.50;7.60;207.50;286.30;'Arial';0;0;0;0;0;0;'I';None;-3
'CuadroX';'B';97.90;7.60;107.90;17.90;'Arial';0;1;0;0;0;0;'I';None;2
'Fecha';'T';146.00;25.00;186.00;31.30;'Arial';12;0;0;0;0;65535;'I';None;0
'Fecha.L';'T';126.80;25.20;144.10;31.10;'Arial';12;0;0;0;0;0;'I';'Fecha:';0
'IIBB';'T';157.20;32.50;205.20;37.50;'Arial';10;0;0;0;0;0;'C';'';2
'INICIO';'T';105.10;37.80;205.30;42.80;'Arial';10;0;0;0;0;0;'I';'';2
'IVA';'T';9.30;37.60;101.20;42.60;'Arial';10;0;0;0;0;0;'I';'';2
'IVA10.5';'T';185.70;273.70;206.80;278.40;'Arial';9;0;0;0;0;65535;'D';None;0
'IVA10.5.L';'T';153.40;273.80;174.70;278.50;'Arial';9;0;0;0;0;0;'I';'I.V.A. 10,5%';0
'IVA21';'T';185.60;268.60;206.70;273.30;'Arial';9;0;0;0;0;65535;'D';None;0
'IVA21.L';'T';153.30;268.50;174.60;273.20;'Arial';9;0;0;0;0;0;'I';'I.V.A. 21%';0
'Item.AlicuotaIVA';'T';163.50;72.90;181.10;77.90;'Arial';8;0;0;0;0;65535;'C';'IVA';0
'Item.AlicuotaIva01';'T';163.10;77.80;170.70;81.60;'Arial';8;0;0;0;0;65535;'D';'';0
'Item.AlicuotaIva02';'T';163.30;82.00;170.90;85.80;'Arial';8;0;0;0;0;65535;'D';'';0
'Item.AlicuotaIva03';'T';163.30;86.00;170.90;89.80;'Arial';8;0;0;0;0;65535;'D';'';0
'Item.AlicuotaIva04';'T';163.30;90.00;170.90;93.80;'Arial';8;0;0;0;0;65535;'D';'';0
'Item.AlicuotaIva05';'T';163.30;94.00;170.90;97.80;'Arial';8;0;0;0;0;65535;'D';'';0
'Item.AlicuotaIva06';'T';163.30;98.00;170.90;101.80;'Arial';8;0;0;0;0;65535;'D';'';0
'Item.AlicuotaIva07';'T';163.30;102.00;170.90;105.80;'Arial';8;0;0;0;0;65535;'D';'';0
'Item.AlicuotaIva08';'T';163.30;106.00;170.90;109.80;'Arial';8;0;0;0;0;65535;'D';'';0
'Item.AlicuotaIva09';'T';163.30;110.00;170.90;113.80;'Arial';8;0;0;0;0;65535;'D';'';0
'Item.AlicuotaIva10';'T';163.30;114.00;170.90;117.80;'Arial';8;0;0;0;0;65535;'D';'';0
'Item.AlicuotaIva11';'T';163.30;118.00;170.90;121.80;'Arial';8;0;0;0;0;65535;'D';'';0
'Item.AlicuotaIva12';'T';163.30;122.00;170.90;125.80;'Arial';8;0;0;0;0;65535;'D';'';0
'Item.AlicuotaIva13';'T';163.30;126.00;170.90;129.80;'Arial';8;0;0;0;0;65535;'D';'';0
'Item.AlicuotaIva14';'T';163.30;130.00;170.90;133.80;'Arial';8;0;0;0;0;65535;'D';'';0
'Item.AlicuotaIva15';'T';163.30;134.00;170.90;137.80;'Arial';8;0;0;0;0;65535;'D';'';0
'Item.AlicuotaIva16';'T';163.30;138.00;170.90;141.80;'Arial';8;0;0;0;0;65535;'D';'';0
'Item.AlicuotaIva17';'T';163.30;142.00;170.90;145.80;'Arial';8;0;0;0;0;65535;'D';'';0
'Item.AlicuotaIva18';'T';163.30;146.00;170.90;149.80;'Arial';8;0;0;0;0;65535;'D';'';0
'Item.AlicuotaIva19';'T';163.30;150.00;170.90;153.80;'Arial';8;0;0;0;0;65535;'D';'';0
'Item.AlicuotaIva20';'T';163.30;154.00;170.90;157.80;'Arial';8;0;0;0;0;65535;'D';'';0
'Item.AlicuotaIva21';'T';163.30;158.00;170.90;161.80;'Arial';8;0;0;0;0;65535;'D';'';0
'Item.AlicuotaIva22';'T';163.30;162.00;170.90;165.80;'Arial';8;0;0;0;0;65535;'D';'';0
'Item.AlicuotaIva23';'T';163.30;166.00;170.90;169.80;'Arial';8;0;0;0;0;65535;'D';'';0
'Item.AlicuotaIva24';'T';163.30;170.00;170.90;173.80;'Arial';8;0;0;0;0;65535;'D';'';0
'Item.AlicuotaIva25';'T';163.30;174.00;170.90;177.80;'Arial';8;0;0;0;0;65535;'D';'';0
'Item.AlicuotaIva26';'T';163.30;178.00;170.90;181.80;'Arial';8;0;0;0;0;65535;'D';'';0
'Item.AlicuotaIva27';'T';163.30;182.00;170.90;185.80;'Arial';8;0;0;0;0;65535;'D';'';0
'Item.AlicuotaIva28';'T';163.30;186.00;170.90;189.80;'Arial';8;0;0;0;0;65535;'D';'';0
'Item.AlicuotaIva29';'T';163.30;190.00;170.90;193.80;'Arial';8;0;0;0;0;65535;'D';'';0
'Item.AlicuotaIva30';'T';163.30;194.00;170.90;197.80;'Arial';8;0;0;0;0;65535;'D';'';0
'Item.AlicuotaIva31';'T';163.30;198.00;170.90;201.80;'Arial';8;0;0;0;0;65535;'D';'';0
'Item.AlicuotaIva32';'T';163.30;202.00;170.90;205.80;'Arial';8;0;0;0;0;65535;'D';'';0
'Item.AlicuotaIva33';'T';163.30;206.00;170.90;209.80;'Arial';8;0;0;0;0;65535;'D';'';0
'Item.AlicuotaIva34';'T';163.30;210.00;170.90;213.80;'Arial';8;0;0;0;0;65535;'D';'';0
'Item.AlicuotaIva35';'T';163.30;214.00;170.90;217.80;'Arial';8;0;0;0;0;65535;'D';'';0
'Item.AlicuotaIva36';'T';163.30;218.00;170.90;221.80;'Arial';8;0;0;0;0;65535;'D';'';0
'Item.AlicuotaIva37';'T';163.30;222.00;170.90;225.80;'Arial';8;0;0;0;0;65535;'D';'';0
'Item.AlicuotaIva38';'T';163.30;226.00;170.90;229.80;'Arial';8;0;0;0;0;65535;'D';'';0
'Item.AlicuotaIva39';'T';163.30;230.00;170.90;233.80;'Arial';8;0;0;0;0;65535;'D';'';0
'Item.Bonif01';'T';136.30;78.00;145.90;81.80;'Arial';8;0;0;0;0;65535;'D';'';0
'Item.Bonif02';'T';136.50;82.20;146.10;86.00;'Arial';8;0;0;0;0;65535;'D';'';0
'Item.Bonif03';'T';136.50;86.20;146.10;90.00;'Arial';8;0;0;0;0;65535;'D';'';0
'Item.Bonif04';'T';136.50;90.20;146.10;94.00;'Arial';8;0;0;0;0;65535;'D';'';0
'Item.Bonif05';'T';136.50;94.20;146.10;98.00;'Arial';8;0;0;0;0;65535;'D';'';0
'Item.Bonif06';'T';136.50;98.20;146.10;102.00;'Arial';8;0;0;0;0;65535;'D';'';0
'Item.Bonif07';'T';136.50;102.20;146.10;106.00;'Arial';8;0;0;0;0;65535;'D';'';0
'Item.Bonif08';'T';136.50;106.20;146.10;110.00;'Arial';8;0;0;0;0;65535;'D';'';0
'Item.Bonif09';'T';136.50;110.20;146.10;114.00;'Arial';8;0;0;0;0;65535;'D';'';0
'Item.Bonif10';'T';136.50;114.20;146.10;118.00;'Arial';8;0;0;0;0;65535;'D';'';0
'Item.Bonif11';'T';136.50;118.20;146.10;122.00;'Arial';8;0;0;0;0;65535;'D';'';0
'Item.Bonif12';'T';136.50;122.20;146.10;126.00;'Arial';8;0;0;0;0;65535;'D';'';0
'Item.Bonif13';'T';136.50;126.20;146.10;130.00;'Arial';8;0;0;0;0;65535;'D';'';0
'Item.Bonif14';'T';136.50;130.20;146.10;134.00;'Arial';8;0;0;0;0;65535;'D';'';0
'Item.Bonif15';'T';136.50;134.20;146.10;138.00;'Arial';8;0;0;0;0;65535;'D';'';0
'Item.Bonif16';'T';136.50;138.20;146.10;142.00;'Arial';8;0;0;0;0;65535;'D';'';0
'Item.Bonif17';'T';136.50;142.20;146.10;146.00;'Arial';8;0;0;0;0;65535;'D';'';0
'Item.Bonif18';'T';136.50;146.20;146.10;150.00;'Arial';8;0;0;0;0;65535;'D';'';0
'Item.Bonif19';'T';136.50;150.20;146.10;154.00;'Arial';8;0;0;0;0;65535;'D';'';0
'Item.Bonif20';'T';136.50;154.20;146.10;158.00;'Arial';8;0;0;0;0;65535;'D';'';0
'Item.Bonif21';'T';136.50;158.20;146.10;162.00;'Arial';8;0;0;0;0;65535;'D';'';0
'Item.Bonif22';'T';136.50;162.20;146.10;166.00;'Arial';8;0;0;0;0;65535;'D';'';0
'Item.Bonif23';'T';136.50;166.20;146.10;170.00;'Arial';8;0;0;0;0;65535;'D';'';0
'Item.Bonif24';'T';136.50;170.20;146.10;174.00;'Arial';8;0;0;0;0;65535;'D';'';0
'Item.Bonif25';'T';136.50;174.20;146.10;178.00;'Arial';8;0;0;0;0;65535;'D';'';0
'Item.Bonif26';'T';136.50;178.20;146.10;182.00;'Arial';8;0;0;0;0;65535;'D';'';0
'Item.Bonif27';'T';136.50;182.20;146.10;186.00;'Arial';8;0;0;0;0;65535;'D';'';0
'Item.Bonif28';'T';136.50;186.20;146.10;190.00;'Arial';8;0;0;0;0;65535;'D';'';0
'Item.Bonif29';'T';136.50;190.20;146.10;194.00;'Arial';8;0;0;0;0;65535;'D';'';0
'Item.Bonif30';'T';136.50;194.20;146.10;198.00;'Arial';8;0;0;0;0;65535;'D';'';0
'Item.Bonif31';'T';136.50;198.20;146.10;202.00;'Arial';8;0;0;0;0;65535;'D';'';0
'Item.Bonif32';'T';136.50;202.20;146.10;206.00;'Arial';8;0;0;0;0;65535;'D';'';0
'Item.Bonif33';'T';136.50;206.20;146.10;210.00;'Arial';8;0;0;0;0;65535;'D';'';0
'Item.Bonif34';'T';136.50;210.20;146.10;214.00;'Arial';8;0;0;0;0;65535;'D';'';0
'Item.Bonif35';'T';136.50;214.20;146.10;218.00;'Arial';8;0;0;0;0;65535;'D';'';0
'Item.Bonif36';'T';136.50;218.20;146.10;222.00;'Arial';8;0;0;0;0;65535;'D';'';0
'Item.Bonif37';'T';136.50;222.20;146.10;226.00;'Arial';8;0;0;0;0;65535;'D';'';0
'Item.Bonif38';'T';136.50;226.20;146.10;230.00;'Arial';8;0;0;0;0;65535;'D';'';0
'Item.Bonif39';'T';136.50;230.20;146.10;234.00;'Arial';8;0;0;0;0;65535;'D';'';0
'Item.Bonificacion';'T';135.90;72.90;146.50;77.90;'Arial';8;0;0;0;0;65535;'C';'% Bonif.';0
'Item.Cantidad';'T';122.60;73.00;135.30;78.00;'Arial';8;0;0;0;0;65535;'C';'Cantidad';0
'Item.Cantidad01';'T';123.40;78.00;134.70;81.80;'Arial';8;0;0;0;0;65535;'D';'';0
'Item.Cantidad02';'T';123.60;82.20;134.90;86.00;'Arial';8;0;0;0;0;65535;'D';'';0
'Item.Cantidad03';'T';123.60;86.20;134.90;90.00;'Arial';8;0;0;0;0;65535;'D';'';0
'Item.Cantidad04';'T';123.60;90.20;134.90;94.00;'Arial';8;0;0;0;0;65535;'D';'';0
'Item.Cantidad05';'T';123.60;94.20;134.90;98.00;'Arial';8;0;0;0;0;65535;'D';'';0
'Item.Cantidad06';'T';123.60;98.20;134.90;102.00;'Arial';8;0;0;0;0;65535;'D';'';0
'Item.Cantidad07';'T';123.60;102.20;134.90;106.00;'Arial';8;0;0;0;0;65535;'D';'';0
'Item.Cantidad08';'T';123.60;106.20;134.90;110.00;'Arial';8;0;0;0;0;65535;'D';'';0
'Item.Cantidad09';'T';123.60;110.20;134.90;114.00;'Arial';8;0;0;0;0;65535;'D';'';0
'Item.Cantidad10';'T';123.60;114.20;134.90;118.00;'Arial';8;0;0;0;0;65535;'D';'';0
'Item.Cantidad11';'T';123.60;118.20;134.90;122.00;'Arial';8;0;0;0;0;65535;'D';'';0
'Item.Cantidad12';'T';123.60;122.20;134.90;126.00;'Arial';8;0;0;0;0;65535;'D';'';0
'Item.Cantidad13';'T';123.60;126.20;134.90;130.00;'Arial';8;0;0;0;0;65535;'D';'';0
'Item.Cantidad14';'T';123.60;130.20;134.90;134.00;'Arial';8;0;0;0;0;65535;'D';'';0
'Item.Cantidad15';'T';123.60;134.20;134.90;138.00;'Arial';8;0;0;0;0;65535;'D';'';0
'Item.Cantidad16';'T';123.60;138.20;134.90;142.00;'Arial';8;0;0;0;0;65535;'D';'';0
'Item.Cantidad17';'T';123.60;142.20;134.90;146.00;'Arial';8;0;0;0;0;65535;'D';'';0
'Item.Cantidad18';'T';123.60;146.20;134.90;150.00;'Arial';8;0;0;0;0;65535;'D';'';0
'Item.Cantidad19';'T';123.60;150.20;134.90;154.00;'Arial';8;0;0;0;0;65535;'D';'';0
'Item.Cantidad20';'T';123.60;154.20;134.90;158.00;'Arial';8;0;0;0;0;65535;'D';'';0
'Item.Cantidad21';'T';123.60;158.20;134.90;162.00;'Arial';8;0;0;0;0;65535;'D';'';0
'Item.Cantidad22';'T';123.60;162.20;134.90;166.00;'Arial';8;0;0;0;0;65535;'D';'';0
'Item.Cantidad23';'T';123.60;166.20;134.90;170.00;'Arial';8;0;0;0;0;65535;'D';'';0
'Item.Cantidad24';'T';123.60;170.20;134.90;174.00;'Arial';8;0;0;0;0;65535;'D';'';0
'Item.Cantidad25';'T';123.60;174.20;134.90;178.00;'Arial';8;0;0;0;0;65535;'D';'';0
'Item.Cantidad26';'T';123.60;178.20;134.90;182.00;'Arial';8;0;0;0;0;65535;'D';'';0
'Item.Cantidad27';'T';123.60;182.20;134.90;186.00;'Arial';8;0;0;0;0;65535;'D';'';0
'Item.Cantidad28';'T';123.60;186.20;134.90;190.00;'Arial';8;0;0;0;0;65535;'D';'';0
'Item.Cantidad29';'T';123.60;190.20;134.90;194.00;'Arial';8;0;0;0;0;65535;'D';'';0
'Item.Cantidad30';'T';123.60;194.20;134.90;198.00;'Arial';8;0;0;0;0;65535;'D';'';0
'Item.Cantidad31';'T';123.60;198.20;134.90;202.00;'Arial';8;0;0;0;0;65535;'D';'';0
'Item.Cantidad32';'T';123.60;202.20;134.90;206.00;'Arial';8;0;0;0;0;65535;'D';'';0
'Item.Cantidad33';'T';123.60;206.20;134.90;210.00;'Arial';8;0;0;0;0;65535;'D';'';0
'Item.Cantidad34';'T';123.60;210.20;134.90;214.00;'Arial';8;0;0;0;0;65535;'D';'';0
'Item.Cantidad35';'T';123.60;214.20;134.90;218.00;'Arial';8;0;0;0;0;65535;'D';'';0
'Item.Cantidad36';'T';123.60;218.20;134.90;222.00;'Arial';8;0;0;0;0;65535;'D';'';0
'Item.Cantidad37';'T';123.60;222.20;134.90;226.00;'Arial';8;0;0;0;0;65535;'D';'';0
'Item.Cantidad38';'T';123.60;226.20;134.90;230.00;'Arial';8;0;0;0;0;65535;'D';'';0
'Item.Cantidad39';'T';123.60;230.20;134.90;234.00;'Arial';8;0;0;0;0;65535;'D';'';0
'Item.Codigo';'T';8.80;72.80;33.00;77.80;'Arial';8;0;0;0;0;65535;'C';'Articulo';0
'Item.Codigo01';'T';9.30;77.80;32.40;81.60;'Arial';8;0;0;0;0;65535;'D';'';0
'Item.Codigo02';'T';9.30;82.00;32.40;85.80;'Arial';8;0;0;0;0;65535;'D';'';0
'Item.Codigo03';'T';9.30;86.00;32.40;89.80;'Arial';8;0;0;0;0;65535;'D';'';0
'Item.Codigo04';'T';9.30;90.00;32.40;93.80;'Arial';8;0;0;0;0;65535;'D';'';0
'Item.Codigo05';'T';9.30;94.00;32.40;97.80;'Arial';8;0;0;0;0;65535;'D';'';0
'Item.Codigo06';'T';9.30;98.00;32.40;101.80;'Arial';8;0;0;0;0;65535;'D';'';0
'Item.Codigo07';'T';9.30;102.00;32.40;105.80;'Arial';8;0;0;0;0;65535;'D';'';0
'Item.Codigo08';'T';9.30;106.00;32.40;109.80;'Arial';8;0;0;0;0;65535;'D';'';0
'Item.Codigo09';'T';9.30;110.00;32.40;113.80;'Arial';8;0;0;0;0;65535;'D';'';0
'Item.Codigo10';'T';9.30;114.00;32.40;117.80;'Arial';8;0;0;0;0;65535;'D';'';0
'Item.Codigo11';'T';9.30;118.00;32.40;121.80;'Arial';8;0;0;0;0;65535;'D';'';0
'Item.Codigo12';'T';9.30;122.00;32.40;125.80;'Arial';8;0;0;0;0;65535;'D';'';0
'Item.Codigo13';'T';9.30;126.00;32.40;129.80;'Arial';8;0;0;0;0;65535;'D';'';0
'Item.Codigo14';'T';9.30;130.00;32.40;133.80;'Arial';8;0;0;0;0;65535;'D';'';0
'Item.Codigo15';'T';9.30;134.00;32.40;137.80;'Arial';8;0;0;0;0;65535;'D';'';0
'Item.Codigo16';'T';9.30;138.00;32.40;141.80;'Arial';8;0;0;0;0;65535;'D';'';0
'Item.Codigo17';'T';9.30;142.00;32.40;145.80;'Arial';8;0;0;0;0;65535;'D';'';0
'Item.Codigo18';'T';9.30;146.00;32.40;149.80;'Arial';8;0;0;0;0;65535;'D';'';0
'Item.Codigo19';'T';9.30;150.00;32.40;153.80;'Arial';8;0;0;0;0;65535;'D';'';0
'Item.Codigo20';'T';9.30;154.00;32.40;157.80;'Arial';8;0;0;0;0;65535;'D';'';0
'Item.Codigo21';'T';9.30;158.00;32.40;161.80;'Arial';8;0;0;0;0;65535;'D';'';0
'Item.Codigo22';'T';9.30;162.00;32.40;165.80;'Arial';8;0;0;0;0;65535;'D';'';0
'Item.Codigo23';'T';9.30;166.00;32.40;169.80;'Arial';8;0;0;0;0;65535;'D';'';0
'Item.Codigo24';'T';9.30;170.00;32.40;173.80;'Arial';8;0;0;0;0;65535;'D';'';0
'Item.Codigo25';'T';9.30;174.00;32.40;177.80;'Arial';8;0;0;0;0;65535;'D';'';0
'Item.Codigo26';'T';9.30;178.00;32.40;181.80;'Arial';8;0;0;0;0;65535;'D';'';0
'Item.Codigo27';'T';9.30;182.00;32.40;185.80;'Arial';8;0;0;0;0;65535;'D';'';0
'Item.Codigo28';'T';9.30;186.00;32.40;189.80;'Arial';8;0;0;0;0;65535;'D';'';0
'Item.Codigo29';'T';9.30;190.00;32.40;193.80;'Arial';8;0;0;0;0;65535;'D';'';0
'Item.Codigo30';'T';9.30;194.00;32.40;197.80;'Arial';8;0;0;0;0;65535;'D';'';0
'Item.Codigo31';'T';9.30;198.00;32.40;201.80;'Arial';8;0;0;0;0;65535;'D';'';0
'Item.Codigo32';'T';9.30;202.00;32.40;205.80;'Arial';8;0;0;0;0;65535;'D';'';0
'Item.Codigo33';'T';9.30;206.00;32.40;209.80;'Arial';8;0;0;0;0;65535;'D';'';0
'Item.Codigo34';'T';9.30;210.00;32.40;213.80;'Arial';8;0;0;0;0;65535;'D';'';0
'Item.Codigo35';'T';9.30;214.00;32.40;217.80;'Arial';8;0;0;0;0;65535;'D';'';0
'Item.Codigo36';'T';9.30;218.00;32.40;221.80;'Arial';8;0;0;0;0;65535;'D';'';0
'Item.Codigo37';'T';9.30;222.00;32.40;225.80;'Arial';8;0;0;0;0;65535;'D';'';0
'Item.Codigo38';'T';9.30;226.00;32.40;229.80;'Arial';8;0;0;0;0;65535;'D';'';0
'Item.Codigo39';'T';9.30;230.00;32.40;233.80;'Arial';8;0;0;0;0;65535;'D';'';0
'Item.Descripcion';'T';42.80;72.90;121.50;77.90;'Arial';8;0;0;0;0;65535;'C';'Descripci\xf3n';0
'Item.Descripcion01';'T';43.50;77.70;121.30;81.70;'Arial';8;0;0;0;0;65535;'I';'';0
'Item.Descripcion02';'T';43.60;81.80;121.30;85.80;'Arial';8;0;0;0;0;65535;'I';'';0
'Item.Descripcion03';'T';43.60;85.80;121.30;89.80;'Arial';8;0;0;0;0;65535;'I';'';0
'Item.Descripcion04';'T';43.60;89.80;121.30;93.80;'Arial';8;0;0;0;0;65535;'I';'';0
'Item.Descripcion05';'T';43.60;93.80;121.30;97.80;'Arial';8;0;0;0;0;65535;'I';'';0
'Item.Descripcion06';'T';43.60;97.80;121.30;101.80;'Arial';8;0;0;0;0;65535;'I';'';0
'Item.Descripcion07';'T';43.60;101.80;121.30;105.80;'Arial';8;0;0;0;0;65535;'I';'';0
'Item.Descripcion08';'T';43.60;105.80;121.30;109.80;'Arial';8;0;0;0;0;65535;'I';'';0
'Item.Descripcion09';'T';43.60;109.80;121.30;113.80;'Arial';8;0;0;0;0;65535;'I';'';0
'Item.Descripcion10';'T';43.60;113.80;121.30;117.80;'Arial';8;0;0;0;0;65535;'I';'';0
'Item.Descripcion11';'T';43.60;117.80;121.30;121.80;'Arial';8;0;0;0;0;65535;'I';'';0
'Item.Descripcion12';'T';43.60;121.80;121.30;125.80;'Arial';8;0;0;0;0;65535;'I';'';0
'Item.Descripcion13';'T';43.60;125.80;121.30;129.80;'Arial';8;0;0;0;0;65535;'I';'';0
'Item.Descripcion14';'T';43.60;129.80;121.30;133.80;'Arial';8;0;0;0;0;65535;'I';'';0
'Item.Descripcion15';'T';43.60;133.80;121.30;137.80;'Arial';8;0;0;0;0;65535;'I';'';0
'Item.Descripcion16';'T';43.60;137.80;121.30;141.80;'Arial';8;0;0;0;0;65535;'I';'';0
'Item.Descripcion17';'T';43.60;141.80;121.30;145.80;'Arial';8;0;0;0;0;65535;'I';'';0
'Item.Descripcion18';'T';43.60;145.80;121.30;149.80;'Arial';8;0;0;0;0;65535;'I';'';0
'Item.Descripcion19';'T';43.60;149.80;121.30;153.80;'Arial';8;0;0;0;0;65535;'I';'';0
'Item.Descripcion20';'T';43.60;153.80;121.30;157.80;'Arial';8;0;0;0;0;65535;'I';'';0
'Item.Descripcion21';'T';43.60;157.80;121.30;161.80;'Arial';8;0;0;0;0;65535;'I';'';0
'Item.Descripcion22';'T';43.60;161.80;121.30;165.80;'Arial';8;0;0;0;0;65535;'I';'';0
'Item.Descripcion23';'T';43.60;165.80;121.30;169.80;'Arial';8;0;0;0;0;65535;'I';'';0
'Item.Descripcion24';'T';43.60;169.80;121.30;173.80;'Arial';8;0;0;0;0;65535;'I';'';0
'Item.Descripcion25';'T';43.60;173.80;121.30;177.80;'Arial';8;0;0;0;0;65535;'I';'';0
'Item.Descripcion26';'T';43.60;177.80;121.30;181.80;'Arial';8;0;0;0;0;65535;'I';'';0
'Item.Descripcion27';'T';43.60;181.80;121.30;185.80;'Arial';8;0;0;0;0;65535;'I';'';0
'Item.Descripcion28';'T';43.60;185.80;121.30;189.80;'Arial';8;0;0;0;0;65535;'I';'';0
'Item.Descripcion29';'T';43.60;189.80;121.30;193.80;'Arial';8;0;0;0;0;65535;'I';'';0
'Item.Descripcion30';'T';43.60;193.80;121.30;197.80;'Arial';8;0;0;0;0;65535;'I';'';0
'Item.Descripcion31';'T';43.60;197.80;121.30;201.80;'Arial';8;0;0;0;0;65535;'I';'';0
'Item.Descripcion32';'T';43.60;201.80;121.30;205.80;'Arial';8;0;0;0;0;65535;'I';'';0
'Item.Descripcion33';'T';43.60;205.80;121.30;209.80;'Arial';8;0;0;0;0;65535;'I';'';0
'Item.Descripcion34';'T';43.60;209.80;121.30;213.80;'Arial';8;0;0;0;0;65535;'I';'';0
'Item.Descripcion35';'T';43.60;213.80;121.30;217.80;'Arial';8;0;0;0;0;65535;'I';'';0
'Item.Descripcion36';'T';43.60;217.80;121.30;221.80;'Arial';8;0;0;0;0;65535;'I';'';0
'Item.Descripcion37';'T';43.60;221.80;121.30;225.80;'Arial';8;0;0;0;0;65535;'I';'';0
'Item.Descripcion38';'T';43.60;225.80;121.30;229.80;'Arial';8;0;0;0;0;65535;'I';'';0
'Item.Descripcion39';'T';43.60;229.80;121.30;233.80;'Arial';8;0;0;0;0;65535;'I';'';0
'Item.Importe';'T';183.80;72.80;206.30;77.80;'Arial';8;0;0;0;0;65535;'C';'Importe';0
'Item.Importe01';'T';184.10;77.80;207.10;81.60;'Arial';8;0;0;0;0;65535;'D';'';0
'Item.Importe02';'T';184.10;82.00;207.10;85.80;'Arial';8;0;0;0;0;65535;'D';'';0
'Item.Importe03';'T';184.10;86.00;207.10;89.80;'Arial';8;0;0;0;0;65535;'D';'';0
'Item.Importe04';'T';184.10;90.00;207.10;93.80;'Arial';8;0;0;0;0;65535;'D';'';0
'Item.Importe05';'T';184.10;94.00;207.10;97.80;'Arial';8;0;0;0;0;65535;'D';'';0
'Item.Importe06';'T';184.10;98.00;207.10;101.80;'Arial';8;0;0;0;0;65535;'D';'';0
'Item.Importe07';'T';184.10;102.00;207.10;105.80;'Arial';8;0;0;0;0;65535;'D';'';0
'Item.Importe08';'T';184.10;106.00;207.10;109.80;'Arial';8;0;0;0;0;65535;'D';'';0
'Item.Importe09';'T';184.10;110.00;207.10;113.80;'Arial';8;0;0;0;0;65535;'D';'';0
'Item.Importe10';'T';184.10;114.00;207.10;117.80;'Arial';8;0;0;0;0;65535;'D';'';0
'Item.Importe11';'T';184.10;118.00;207.10;121.80;'Arial';8;0;0;0;0;65535;'D';'';0
'Item.Importe12';'T';184.10;122.00;207.10;125.80;'Arial';8;0;0;0;0;65535;'D';'';0
'Item.Importe13';'T';184.10;126.00;207.10;129.80;'Arial';8;0;0;0;0;65535;'D';'';0
'Item.Importe14';'T';184.10;130.00;207.10;133.80;'Arial';8;0;0;0;0;65535;'D';'';0
'Item.Importe15';'T';184.10;134.00;207.10;137.80;'Arial';8;0;0;0;0;65535;'D';'';0
'Item.Importe16';'T';184.10;138.00;207.10;141.80;'Arial';8;0;0;0;0;65535;'D';'';0
'Item.Importe17';'T';184.10;142.00;207.10;145.80;'Arial';8;0;0;0;0;65535;'D';'';0
'Item.Importe18';'T';184.10;146.00;207.10;149.80;'Arial';8;0;0;0;0;65535;'D';'';0
'Item.Importe19';'T';184.10;150.00;207.10;153.80;'Arial';8;0;0;0;0;65535;'D';'';0
'Item.Importe20';'T';184.10;154.00;207.10;157.80;'Arial';8;0;0;0;0;65535;'D';'';0
'Item.Importe21';'T';184.10;158.00;207.10;161.80;'Arial';8;0;0;0;0;65535;'D';'';0
'Item.Importe22';'T';184.10;162.00;207.10;165.80;'Arial';8;0;0;0;0;65535;'D';'';0
'Item.Importe23';'T';184.10;166.00;207.10;169.80;'Arial';8;0;0;0;0;65535;'D';'';0
'Item.Importe24';'T';184.10;170.00;207.10;173.80;'Arial';8;0;0;0;0;65535;'D';'';0
'Item.Importe25';'T';184.10;174.00;207.10;177.80;'Arial';8;0;0;0;0;65535;'D';'';0
'Item.Importe26';'T';184.10;178.00;207.10;181.80;'Arial';8;0;0;0;0;65535;'D';'';0
'Item.Importe27';'T';184.10;182.00;207.10;185.80;'Arial';8;0;0;0;0;65535;'D';'';0
'Item.Importe28';'T';184.10;186.00;207.10;189.80;'Arial';8;0;0;0;0;65535;'D';'';0
'Item.Importe29';'T';184.10;190.00;207.10;193.80;'Arial';8;0;0;0;0;65535;'D';'';0
'Item.Importe30';'T';184.10;194.00;207.10;197.80;'Arial';8;0;0;0;0;65535;'D';'';0
'Item.Importe31';'T';184.10;198.00;207.10;201.80;'Arial';8;0;0;0;0;65535;'D';'';0
'Item.Importe32';'T';184.10;202.00;207.10;205.80;'Arial';8;0;0;0;0;65535;'D';'';0
'Item.Importe33';'T';184.10;206.00;207.10;209.80;'Arial';8;0;0;0;0;65535;'D';'';0
'Item.Importe34';'T';184.10;210.00;207.10;213.80;'Arial';8;0;0;0;0;65535;'D';'';0
'Item.Importe35';'T';184.10;214.00;207.10;217.80;'Arial';8;0;0;0;0;65535;'D';'';0
'Item.Importe36';'T';184.10;218.00;207.10;221.80;'Arial';8;0;0;0;0;65535;'D';'';0
'Item.Importe37';'T';184.10;222.00;207.10;225.80;'Arial';8;0;0;0;0;65535;'D';'';0
'Item.Importe38';'T';184.10;226.00;207.10;229.80;'Arial';8;0;0;0;0;65535;'D';'';0
'Item.Importe39';'T';184.10;230.00;207.10;233.80;'Arial';8;0;0;0;0;65535;'D';'';0
'Item.ImporteIva01';'T';170.40;77.70;182.60;81.50;'Arial';8;0;0;0;0;65535;'D';'';0
'Item.ImporteIva02';'T';170.60;81.90;182.80;85.70;'Arial';8;0;0;0;0;65535;'D';'';0
'Item.ImporteIva03';'T';170.60;85.90;182.80;89.70;'Arial';8;0;0;0;0;65535;'D';'';0
'Item.ImporteIva04';'T';170.60;89.90;182.80;93.70;'Arial';8;0;0;0;0;65535;'D';'';0
'Item.ImporteIva05';'T';170.60;93.90;182.80;97.70;'Arial';8;0;0;0;0;65535;'D';'';0
'Item.ImporteIva06';'T';170.60;97.90;182.80;101.70;'Arial';8;0;0;0;0;65535;'D';'';0
'Item.ImporteIva07';'T';170.60;101.90;182.80;105.70;'Arial';8;0;0;0;0;65535;'D';'';0
'Item.ImporteIva08';'T';170.60;105.90;182.80;109.70;'Arial';8;0;0;0;0;65535;'D';'';0
'Item.ImporteIva09';'T';170.60;109.90;182.80;113.70;'Arial';8;0;0;0;0;65535;'D';'';0
'Item.ImporteIva10';'T';170.60;113.90;182.80;117.70;'Arial';8;0;0;0;0;65535;'D';'';0
'Item.ImporteIva11';'T';170.60;117.90;182.80;121.70;'Arial';8;0;0;0;0;65535;'D';'';0
'Item.ImporteIva12';'T';170.60;121.90;182.80;125.70;'Arial';8;0;0;0;0;65535;'D';'';0
'Item.ImporteIva13';'T';170.60;125.90;182.80;129.70;'Arial';8;0;0;0;0;65535;'D';'';0
'Item.ImporteIva14';'T';170.60;129.90;182.80;133.70;'Arial';8;0;0;0;0;65535;'D';'';0
'Item.ImporteIva15';'T';170.60;133.90;182.80;137.70;'Arial';8;0;0;0;0;65535;'D';'';0
'Item.ImporteIva16';'T';170.60;137.90;182.80;141.70;'Arial';8;0;0;0;0;65535;'D';'';0
'Item.ImporteIva17';'T';170.60;141.90;182.80;145.70;'Arial';8;0;0;0;0;65535;'D';'';0
'Item.ImporteIva18';'T';170.60;145.90;182.80;149.70;'Arial';8;0;0;0;0;65535;'D';'';0
'Item.ImporteIva19';'T';170.60;149.90;182.80;153.70;'Arial';8;0;0;0;0;65535;'D';'';0
'Item.ImporteIva20';'T';170.60;153.90;182.80;157.70;'Arial';8;0;0;0;0;65535;'D';'';0
'Item.ImporteIva21';'T';170.60;157.90;182.80;161.70;'Arial';8;0;0;0;0;65535;'D';'';0
'Item.ImporteIva22';'T';170.60;161.90;182.80;165.70;'Arial';8;0;0;0;0;65535;'D';'';0
'Item.ImporteIva23';'T';170.60;165.90;182.80;169.70;'Arial';8;0;0;0;0;65535;'D';'';0
'Item.ImporteIva24';'T';170.60;169.90;182.80;173.70;'Arial';8;0;0;0;0;65535;'D';'';0
'Item.ImporteIva25';'T';170.60;173.90;182.80;177.70;'Arial';8;0;0;0;0;65535;'D';'';0
'Item.ImporteIva26';'T';170.60;177.90;182.80;181.70;'Arial';8;0;0;0;0;65535;'D';'';0
'Item.ImporteIva27';'T';170.60;181.90;182.80;185.70;'Arial';8;0;0;0;0;65535;'D';'';0
'Item.ImporteIva28';'T';170.60;185.90;182.80;189.70;'Arial';8;0;0;0;0;65535;'D';'';0
'Item.ImporteIva29';'T';170.60;189.90;182.80;193.70;'Arial';8;0;0;0;0;65535;'D';'';0
'Item.ImporteIva30';'T';170.60;193.90;182.80;197.70;'Arial';8;0;0;0;0;65535;'D';'';0
'Item.ImporteIva31';'T';170.60;197.90;182.80;201.70;'Arial';8;0;0;0;0;65535;'D';'';0
'Item.ImporteIva32';'T';170.60;201.90;182.80;205.70;'Arial';8;0;0;0;0;65535;'D';'';0
'Item.ImporteIva33';'T';170.60;205.90;182.80;209.70;'Arial';8;0;0;0;0;65535;'D';'';0
'Item.ImporteIva34';'T';170.60;209.90;182.80;213.70;'Arial';8;0;0;0;0;65535;'D';'';0
'Item.ImporteIva35';'T';170.60;213.90;182.80;217.70;'Arial';8;0;0;0;0;65535;'D';'';0
'Item.ImporteIva36';'T';170.60;217.90;182.80;221.70;'Arial';8;0;0;0;0;65535;'D';'';0
'Item.ImporteIva37';'T';170.60;221.90;182.80;225.70;'Arial';8;0;0;0;0;65535;'D';'';0
'Item.ImporteIva38';'T';170.60;225.90;182.80;229.70;'Arial';8;0;0;0;0;65535;'D';'';0
'Item.ImporteIva39';'T';170.60;229.90;182.80;233.70;'Arial';8;0;0;0;0;65535;'D';'';0
'Item.Precio';'T';147.20;72.80;163.20;77.80;'Arial';8;0;0;0;0;65535;'C';'Precio';0
'Item.Precio01';'T';147.40;78.00;162.50;81.80;'Arial';8;0;0;0;0;65535;'D';'';0
'Item.Precio02';'T';147.60;82.20;162.70;86.00;'Arial';8;0;0;0;0;65535;'D';'';0
'Item.Precio03';'T';147.60;86.20;162.70;90.00;'Arial';8;0;0;0;0;65535;'D';'';0
'Item.Precio04';'T';147.60;90.20;162.70;94.00;'Arial';8;0;0;0;0;65535;'D';'';0
'Item.Precio05';'T';147.60;94.20;162.70;98.00;'Arial';8;0;0;0;0;65535;'D';'';0
'Item.Precio06';'T';147.60;98.20;162.70;102.00;'Arial';8;0;0;0;0;65535;'D';'';0
'Item.Precio07';'T';147.60;102.20;162.70;106.00;'Arial';8;0;0;0;0;65535;'D';'';0
'Item.Precio08';'T';147.60;106.20;162.70;110.00;'Arial';8;0;0;0;0;65535;'D';'';0
'Item.Precio09';'T';147.60;110.20;162.70;114.00;'Arial';8;0;0;0;0;65535;'D';'';0
'Item.Precio10';'T';147.60;114.20;162.70;118.00;'Arial';8;0;0;0;0;65535;'D';'';0
'Item.Precio11';'T';147.60;118.20;162.70;122.00;'Arial';8;0;0;0;0;65535;'D';'';0
'Item.Precio12';'T';147.60;122.20;162.70;126.00;'Arial';8;0;0;0;0;65535;'D';'';0
'Item.Precio13';'T';147.60;126.20;162.70;130.00;'Arial';8;0;0;0;0;65535;'D';'';0
'Item.Precio14';'T';147.60;130.20;162.70;134.00;'Arial';8;0;0;0;0;65535;'D';'';0
'Item.Precio15';'T';147.60;134.20;162.70;138.00;'Arial';8;0;0;0;0;65535;'D';'';0
'Item.Precio16';'T';147.60;138.20;162.70;142.00;'Arial';8;0;0;0;0;65535;'D';'';0
'Item.Precio17';'T';147.60;142.20;162.70;146.00;'Arial';8;0;0;0;0;65535;'D';'';0
'Item.Precio18';'T';147.60;146.20;162.70;150.00;'Arial';8;0;0;0;0;65535;'D';'';0
'Item.Precio19';'T';147.60;150.20;162.70;154.00;'Arial';8;0;0;0;0;65535;'D';'';0
'Item.Precio20';'T';147.60;154.20;162.70;158.00;'Arial';8;0;0;0;0;65535;'D';'';0
'Item.Precio21';'T';147.60;158.20;162.70;162.00;'Arial';8;0;0;0;0;65535;'D';'';0
'Item.Precio22';'T';147.60;162.20;162.70;166.00;'Arial';8;0;0;0;0;65535;'D';'';0
'Item.Precio23';'T';147.60;166.20;162.70;170.00;'Arial';8;0;0;0;0;65535;'D';'';0
'Item.Precio24';'T';147.60;170.20;162.70;174.00;'Arial';8;0;0;0;0;65535;'D';'';0
'Item.Precio25';'T';147.60;174.20;162.70;178.00;'Arial';8;0;0;0;0;65535;'D';'';0
'Item.Precio26';'T';147.60;178.20;162.70;182.00;'Arial';8;0;0;0;0;65535;'D';'';0
'Item.Precio27';'T';147.60;182.20;162.70;186.00;'Arial';8;0;0;0;0;65535;'D';'';0
'Item.Precio28';'T';147.60;186.20;162.70;190.00;'Arial';8;0;0;0;0;65535;'D';'';0
'Item.Precio29';'T';147.60;190.20;162.70;194.00;'Arial';8;0;0;0;0;65535;'D';'';0
'Item.Precio30';'T';147.60;194.20;162.70;198.00;'Arial';8;0;0;0;0;65535;'D';'';0
'Item.Precio31';'T';147.60;198.20;162.70;202.00;'Arial';8;0;0;0;0;65535;'D';'';0
'Item.Precio32';'T';147.60;202.20;162.70;206.00;'Arial';8;0;0;0;0;65535;'D';'';0
'Item.Precio33';'T';147.60;206.20;162.70;210.00;'Arial';8;0;0;0;0;65535;'D';'';0
'Item.Precio34';'T';147.60;210.20;162.70;214.00;'Arial';8;0;0;0;0;65535;'D';'';0
'Item.Precio35';'T';147.60;214.20;162.70;218.00;'Arial';8;0;0;0;0;65535;'D';'';0
'Item.Precio36';'T';147.60;218.20;162.70;222.00;'Arial';8;0;0;0;0;65535;'D';'';0
'Item.Precio37';'T';147.60;222.20;162.70;226.00;'Arial';8;0;0;0;0;65535;'D';'';0
'Item.Precio38';'T';147.60;226.20;162.70;230.00;'Arial';8;0;0;0;0;65535;'D';'';0
'Item.Precio39';'T';147.60;230.20;162.70;234.00;'Arial';8;0;0;0;0;65535;'D';'';0
'Item.Umed_ds01';'T';34.20;78.00;41.50;81.80;'Arial';8;0;0;0;0;65535;'D';'';0
'Item.Umed_ds02';'T';34.20;82.20;41.50;86.00;'Arial';8;0;0;0;0;65535;'D';'';0
'Item.Umed_ds03';'T';34.20;86.20;41.50;90.00;'Arial';8;0;0;0;0;65535;'D';'';0
'Item.Umed_ds04';'T';34.20;90.20;41.50;94.00;'Arial';8;0;0;0;0;65535;'D';'';0
'Item.Umed_ds05';'T';34.20;94.20;41.50;98.00;'Arial';8;0;0;0;0;65535;'D';'';0
'Item.Umed_ds06';'T';34.20;98.20;41.50;102.00;'Arial';8;0;0;0;0;65535;'D';'';0
'Item.Umed_ds07';'T';34.20;102.20;41.50;106.00;'Arial';8;0;0;0;0;65535;'D';'';0
'Item.Umed_ds08';'T';34.20;106.20;41.50;110.00;'Arial';8;0;0;0;0;65535;'D';'';0
'Item.Umed_ds09';'T';34.20;110.20;41.50;114.00;'Arial';8;0;0;0;0;65535;'D';'';0
'Item.Umed_ds10';'T';34.20;114.20;41.50;118.00;'Arial';8;0;0;0;0;65535;'D';'';0
'Item.Umed_ds11';'T';34.20;118.20;41.50;122.00;'Arial';8;0;0;0;0;65535;'D';'';0
'Item.Umed_ds12';'T';34.20;122.20;41.50;126.00;'Arial';8;0;0;0;0;65535;'D';'';0
'Item.Umed_ds13';'T';34.20;126.20;41.50;130.00;'Arial';8;0;0;0;0;65535;'D';'';0
'Item.Umed_ds14';'T';34.20;130.20;41.50;134.00;'Arial';8;0;0;0;0;65535;'D';'';0
'Item.Umed_ds15';'T';34.20;134.20;41.50;138.00;'Arial';8;0;0;0;0;65535;'D';'';0
'Item.Umed_ds16';'T';34.20;138.20;41.50;142.00;'Arial';8;0;0;0;0;65535;'D';'';0
'Item.Umed_ds17';'T';34.20;142.20;41.50;146.00;'Arial';8;0;0;0;0;65535;'D';'';0
'Item.Umed_ds18';'T';34.20;146.20;41.50;150.00;'Arial';8;0;0;0;0;65535;'D';'';0
'Item.Umed_ds19';'T';34.20;150.20;41.50;154.00;'Arial';8;0;0;0;0;65535;'D';'';0
'Item.Umed_ds20';'T';34.20;154.20;41.50;158.00;'Arial';8;0;0;0;0;65535;'D';'';0
'Item.Umed_ds21';'T';34.20;158.20;41.50;162.00;'Arial';8;0;0;0;0;65535;'D';'';0
'Item.Umed_ds22';'T';34.20;162.20;41.50;166.00;'Arial';8;0;0;0;0;65535;'D';'';0
'Item.Umed_ds23';'T';34.20;166.20;41.50;170.00;'Arial';8;0;0;0;0;65535;'D';'';0
'Item.Umed_ds24';'T';34.20;170.20;41.50;174.00;'Arial';8;0;0;0;0;65535;'D';'';0
'Item.Umed_ds25';'T';34.20;174.20;41.50;178.00;'Arial';8;0;0;0;0;65535;'D';'';0
'Item.Umed_ds26';'T';34.20;178.20;41.50;182.00;'Arial';8;0;0;0;0;65535;'D';'';0
'Item.Umed_ds27';'T';34.20;182.20;41.50;186.00;'Arial';8;0;0;0;0;65535;'D';'';0
'Item.Umed_ds28';'T';34.20;186.20;41.50;190.00;'Arial';8;0;0;0;0;65535;'D';'';0
'Item.Umed_ds29';'T';34.20;190.20;41.50;194.00;'Arial';8;0;0;0;0;65535;'D';'';0
'Item.Umed_ds30';'T';34.20;194.20;41.50;198.00;'Arial';8;0;0;0;0;65535;'D';'';0
'Item.Umed_ds31';'T';34.20;198.20;41.50;202.00;'Arial';8;0;0;0;0;65535;'D';'';0
'Item.Umed_ds32';'T';34.20;202.20;41.50;206.00;'Arial';8;0;0;0;0;65535;'D';'';0
'Item.Umed_ds33';'T';34.20;206.20;41.50;210.00;'Arial';8;0;0;0;0;65535;'D';'';0
'Item.Umed_ds34';'T';34.20;210.20;41.50;214.00;'Arial';8;0;0;0;0;65535;'D';'';0
'Item.Umed_ds35';'T';34.20;214.20;41.50;218.00;'Arial';8;0;0;0;0;65535;'D';'';0
'Item.Umed_ds36';'T';34.20;218.20;41.50;222.00;'Arial';8;0;0;0;0;65535;'D';'';0
'Item.Umed_ds37';'T';34.20;222.20;41.50;226.00;'Arial';8;0;0;0;0;65535;'D';'';0
'Item.Umed_ds38';'T';34.20;226.20;41.50;230.00;'Arial';8;0;0;0;0;65535;'D';'';0
'Item.Umed_ds39';'T';34.20;230.20;41.50;234.00;'Arial';8;0;0;0;0;65535;'D';'';0
'Item.Unidad';'T';32.00;72.80;43.00;77.80;'Arial';8;0;0;0;0;65535;'C';'Unid.';0
'LETRA';'T';97.80;10.80;107.80;12.80;'Arial';16;1;0;0;0;0;'C';'X';2
'Linea.Cantidad';'L';163.20;72.80;163.20;235.00;None;0;0;0;0;0;0;'I';None;3
'Linea.Codigo';'L';33.10;72.80;33.10;235.10;None;0;0;0;0;0;0;'I';None;3
'Linea.Descripcion';'L';146.85;73.00;146.85;235.30;None;0;0;0;0;0;0;'I';None;3
'Linea.Descripcion_copy';'L';135.60;72.80;135.60;235.20;None;0;0;0;0;0;0;'I';None;3
'Linea.Descripcion_copy_copy';'L';122.40;73.00;122.40;235.40;None;0;0;0;0;0;0;'I';None;3
'Linea.Precio';'L';183.00;72.80;183.00;235.00;None;0;0;0;0;0;0;'I';None;3
'Linea.Unidad';'L';42.20;72.90;42.20;235.20;None;0;0;0;0;0;0;'I';None;3
'Linea1';'L';103.20;18.00;103.20;43.20;'Arial';0;0;0;0;0;0;'I';None;3
'Linea2';'L';7.50;43.10;207.50;43.10;None;0;0;0;0;0;0;'I';None;3
'Linea3';'L';7.50;72.80;207.50;72.80;None;0;0;0;0;0;0;'I';None;3
'Linea6';'L';7.60;235.30;207.60;235.30;None;0;0;0;0;0;0;'I';None;3
'Linea9';'L';7.50;77.50;207.50;77.50;None;0;0;0;0;0;0;'I';None;0
'Logo';'I';9.10;9.10;79.80;33.20;None;0;0;0;0;0;0;'I';'logo.png';2
'NETO';'T';178.10;236.90;207.10;241.70;'Arial';9;0;0;0;0;0;'D';'';0
'NETO.L';'T';153.00;236.90;175.50;241.70;'Arial';9;0;0;0;0;0;'I';'Sub Total Neto:';0
'Numero';'T';137.60;19.30;197.60;24.90;'Arial';14;1;0;0;0;0;'I';'0000-00000000';2
'Pagina';'T';150.90;13.30;190.90;17.30;'Arial';8;0;0;0;0;0;'C';'P\xe1gina';2
'Pedido.L';'T';142.60;59.60;158.10;63.60;'Arial';10;0;0;0;0;0;'I';'Pedido:';0
'Remito.L';'T';170.70;59.70;185.30;63.70;'Arial';10;0;0;0;0;0;'I';'Remito N\xba:';0
'TOTAL';'T';183.00;280.80;206.10;285.60;'Arial';10;1;0;0;0;65535;'D';None;0
'TipoCBTE';'T';96.80;14.30;108.80;18.80;'Arial';7;1;0;0;0;0;'C';'COD.01';2
'Total.C';'B';182.30;280.10;207.30;286.10;None;0;0;0;0;0;0;'I';None;-1
'Total.L';'T';152.50;280.20;178.10;285.60;'Arial';10;0;0;0;0;0;'I';'Total:';0
'Tributo.Alicuota01';'T';176.00;242.60;187.20;247.40;'Arial';9;0;0;0;0;0;'D';'';0
'Tributo.Alicuota02';'T';175.90;247.90;187.10;252.70;'Arial';9;0;0;0;0;0;'D';'';0
'Tributo.Alicuota03';'T';175.90;252.70;187.10;257.50;'Arial';12.00;0;0;0;0;0;'D';'';0
'Tributo.Alicuota04';'T';176.20;257.80;187.40;262.60;'Arial';9;0;0;0;0;0;'D';'';0
'Tributo.Alicuota05';'T';176.20;262.80;187.40;267.60;'Arial';9;0;0;0;0;0;'D';'';0
'Tributo.Descripcion01';'T';153.00;242.70;175.80;247.50;'Arial';9;0;0;0;0;0;'D';'';0
'Tributo.Descripcion02';'T';153.20;247.90;176.00;252.70;'Arial';9;0;0;0;0;0;'D';'';0
'Tributo.Descripcion03';'T';153.20;252.90;176.00;257.70;'Arial';9;0;0;0;0;0;'D';'';0
'Tributo.Descripcion04';'T';153.10;258.00;175.90;262.80;'Arial';9;0;0;0;0;0;'D';'';0
'Tributo.Descripcion05';'T';153.20;262.90;176.00;267.70;'Arial';9;0;0;0;0;0;'D';'';0
'Tributo.Importe01';'T';187.70;242.70;206.80;247.50;'Arial';9;0;0;0;0;65535;'D';None;0
'Tributo.Importe02';'T';188.00;248.00;207.10;252.80;'Arial';9;0;0;0;0;65535;'D';None;0
'Tributo.Importe03';'T';187.90;252.90;207.00;257.70;'Arial';9;0;0;0;0;65535;'D';None;0
'Tributo.Importe04';'T';187.90;257.90;207.00;262.70;'Arial';9;0;0;0;0;65535;'D';None;0
'Tributo.Importe05';'T';187.90;262.90;207.00;267.70;'Arial';9;0;0;0;0;65535;'D';None;0
'copia';'T';115.30;13.30;150.30;17.30;'Arial';8;0;0;0;0;0;'C';'Original';2
'custom-nota1';'T';102.80;274.00;149.50;278.20;'Arial';8;False;False;False;0;16777215;'C';'';0
'custom-nota2';'T';103.80;278.00;149.30;282.20;'Arial';8;False;False;False;0;16777215;'C';'';0
'custom-nota3';'T';104.00;281.80;149.30;286.00;'Arial';8;False;False;False;0;16777215;'C';'';0
'custom-nro-cli';'T';26.00;44.50;44.00;50.50;'Arial';10;0;0;0;0;65535;'I';None;0
'custom-pedido';'T';156.70;59.70;170.10;63.70;'Arial';10;0;0;0;0;65535;'I';'';0
'custom-remito';'T';187.50;59.70;206.70;63.70;'Arial';10;0;0;0;0;0;'I';'';0
'custom-tit-cond-venta';'T';9.20;66.00;41.00;71.00;'Arial';10;0;0;1;0;0;'I';'Forma de Pago:';0
'custom-tit-tot-neto_copy';'T';57.00;236.50;75.50;241.30;'Arial';9;0;0;0;0;0;'I';'Subtotal:';0
'custom-tit-transporte';'T';9.20;267.60;35.20;271.60;'Arial';10;0;0;0;0;65535;'I';'Transporte:';0
'custom-tot-porc-iva';'T';176.20;268.40;184.20;273.20;'Arial';9;0;0;0;0;0;'D';'';0
'custom-tot-porc-niva';'T';176.20;273.60;184.20;278.40;'Arial';9;0;0;0;0;0;'D';'';0
'custom-transporte';'T';32.80;267.80;102.70;271.80;'Arial';10;0;0;0;0;65535;'I';'';0
'descuento';'T';32.60;236.60;55.00;241.40;'Arial';9;0;0;0;0;0;'D';'';0
'descuento.L';'T';10.70;236.80;29.20;241.60;'Arial';9;0;0;0;0;0;'I';'Descuento:';0
'forma_pago';'T';42.20;66.30;137.00;71.30;'Arial';10;0;0;0;0;0;'I';None;0
'motivos_ds.L';'T';10.80;249.30;148.00;254.10;'Arial';10;0;0;1;0;0;'C';'Observaciones AFIP';0
'motivos_ds1';'T';10.70;255.10;148.00;259.10;'Arial';9;0;1;0;0;0;'I';'';0
'motivos_ds2';'T';10.70;259.10;148.20;263.10;'Arial';9;0;1;0;0;0;'I';'';0
'motivos_ds3';'T';10.70;262.90;148.40;266.90;'Arial';9;0;1;0;0;0;'I';'';0
'subtotal';'T';76.60;236.50;98.90;241.30;'Arial';9;0;0;0;0;0;'D';'';0
